metric,type,value
auc,true,0.5420428571428572
auc,true,0.5474349206349207
auc,true,0.5627698412698413
auc,true,0.5371968253968253
auc,true,0.5543380952380953
auc,true,0.5518825396825396
auc,true,0.5400095238095238
auc,true,0.5207142857142858
auc,true,0.542952380952381
auc,true,0.5079095238095238
auc,true,0.5679174603174604
auc,true,0.5538555555555555
auc,true,0.5431031746031745
auc,true,0.5478079365079365
auc,true,0.5449746031746032
auc,true,0.5516460317460318
auc,true,0.5393111111111111
auc,true,0.546815873015873
auc,true,0.5286095238095239
auc,true,0.5084587301587302
auc,true,0.5393476190476191
auc,true,0.5372396825396826
auc,true,0.5421317460317462
auc,true,0.5183904761904762
auc,true,0.5450222222222223
auc,true,0.5333301587301587
auc,true,0.5519809523809525
auc,true,0.5555412698412698
auc,true,0.549636507936508
auc,true,0.5310047619047619
auc,true,0.5480888888888888
auc,true,0.5721555555555555
auc,true,0.5466000000000001
auc,true,0.5690793650793651
auc,true,0.5437
auc,true,0.5329396825396825
auc,true,0.5423857142857142
auc,true,0.5382809523809524
auc,true,0.5510301587301587
auc,true,0.5455888888888889
auc,true,0.5215301587301587
auc,true,0.5347063492063493
auc,true,0.5461968253968255
auc,true,0.5549825396825395
auc,true,0.5436317460317461
auc,true,0.5279825396825396
auc,true,0.5329904761904762
auc,true,0.5235841269841272
auc,true,0.5270174603174603
auc,true,0.553484126984127
auc,true,0.5379428571428573
auc,true,0.5402936507936508
auc,true,0.5703761904761906
auc,true,0.5187380952380952
auc,true,0.5174000000000001
auc,true,0.5437841269841269
auc,true,0.5189761904761905
auc,true,0.5534158730158728
auc,true,0.540004761904762
auc,true,0.5291761904761905
auc,true,0.5578650793650795
auc,true,0.5480396825396826
auc,true,0.569031746031746
auc,true,0.5319460317460317
auc,true,0.5193285714285714
auc,true,0.5195444444444445
auc,true,0.5312777777777778
auc,true,0.548826984126984
auc,true,0.53824126984127
auc,true,0.5450904761904761
auc,true,0.5616428571428571
auc,true,0.5493539682539682
auc,true,0.5398047619047619
auc,true,0.5360285714285714
auc,true,0.5329079365079364
auc,true,0.530884126984127
auc,true,0.5326507936507937
auc,true,0.5494507936507937
auc,true,0.5432555555555555
auc,true,0.5401777777777779
auc,true,0.5565936507936509
auc,true,0.5553793650793651
auc,true,0.5325396825396825
auc,true,0.5528587301587302
auc,true,0.5339809523809523
auc,true,0.5380904761904762
auc,true,0.5506619047619048
auc,true,0.5092063492063492
auc,true,0.5453349206349206
auc,true,0.5406190476190477
auc,true,0.5238888888888888
auc,true,0.5496825396825397
auc,true,0.530473015873016
auc,true,0.554615873015873
auc,true,0.5353920634920636
auc,true,0.5202460317460318
auc,true,0.5423396825396825
auc,true,0.510752380952381
auc,true,0.5527730158730157
auc,true,0.5724158730158729
auc,permuted,0.4987285714285714
auc,permuted,0.4800253968253968
auc,permuted,0.5253380952380953
auc,permuted,0.5116634920634922
auc,permuted,0.5119714285714286
auc,permuted,0.4941539682539683
auc,permuted,0.4960507936507937
auc,permuted,0.4946301587301588
auc,permuted,0.5170079365079366
auc,permuted,0.535188888888889
auc,permuted,0.528895238095238
auc,permuted,0.5119619047619047
auc,permuted,0.4932746031746032
auc,permuted,0.4872063492063491
auc,permuted,0.4960634920634921
auc,permuted,0.4770222222222222
auc,permuted,0.5426873015873017
auc,permuted,0.5252095238095239
auc,permuted,0.518104761904762
auc,permuted,0.5124365079365081
auc,permuted,0.4839968253968253
auc,permuted,0.5252619047619048
auc,permuted,0.5708936507936507
auc,permuted,0.4745968253968254
auc,permuted,0.4763698412698412
auc,permuted,0.4918126984126984
auc,permuted,0.4985873015873016
auc,permuted,0.4901031746031746
auc,permuted,0.5315634920634922
auc,permuted,0.4892095238095238
auc,permuted,0.5227269841269842
auc,permuted,0.4990412698412698
auc,permuted,0.5090476190476192
auc,permuted,0.4817730158730159
auc,permuted,0.4551031746031746
auc,permuted,0.5318698412698414
auc,permuted,0.4819015873015873
auc,permuted,0.4948650793650794
auc,permuted,0.5039174603174603
auc,permuted,0.5159888888888888
auc,permuted,0.4990333333333334
auc,permuted,0.4777730158730159
auc,permuted,0.494684126984127
auc,permuted,0.4691936507936508
auc,permuted,0.5068888888888889
auc,permuted,0.4688253968253968
auc,permuted,0.4864031746031746
auc,permuted,0.5075587301587301
auc,permuted,0.5032777777777778
auc,permuted,0.5304238095238095
auc,permuted,0.5080285714285714
auc,permuted,0.4923079365079365
auc,permuted,0.4792095238095237
auc,permuted,0.5087777777777778
auc,permuted,0.5535587301587301
auc,permuted,0.5144888888888888
auc,permuted,0.4839158730158729
auc,permuted,0.4850444444444444
auc,permuted,0.5303222222222221
auc,permuted,0.4570126984126983
auc,permuted,0.498347619047619
auc,permuted,0.4998873015873016
auc,permuted,0.5013555555555556
auc,permuted,0.4935365079365079
auc,permuted,0.5129380952380954
auc,permuted,0.5489190476190475
auc,permuted,0.5305269841269842
auc,permuted,0.4999888888888888
auc,permuted,0.5115365079365078
auc,permuted,0.5037063492063492
auc,permuted,0.5398920634920633
auc,permuted,0.545720634920635
auc,permuted,0.4712777777777778
auc,permuted,0.5030634920634921
auc,permuted,0.4806746031746032
auc,permuted,0.4823174603174603
auc,permuted,0.4816285714285714
auc,permuted,0.5353809523809524
auc,permuted,0.5250317460317462
auc,permuted,0.485604761904762
auc,permuted,0.5229920634920635
auc,permuted,0.4583301587301587
auc,permuted,0.4913111111111112
auc,permuted,0.5001396825396827
auc,permuted,0.5629920634920635
auc,permuted,0.4798650793650793
auc,permuted,0.4695571428571428
auc,permuted,0.502431746031746
auc,permuted,0.5005841269841269
auc,permuted,0.4835015873015874
auc,permuted,0.5020682539682539
auc,permuted,0.4559380952380952
auc,permuted,0.5321238095238096
auc,permuted,0.5559428571428573
auc,permuted,0.4931793650793651
auc,permuted,0.5170888888888887
auc,permuted,0.4585396825396824
auc,permuted,0.5001825396825397
auc,permuted,0.4809238095238095
auc,permuted,0.5204571428571428
auc,permuted,0.5061428571428571
auc,permuted,0.4978063492063491
auc,permuted,0.484395238095238
auc,permuted,0.4877333333333333
auc,permuted,0.4779507936507936
auc,permuted,0.499352380952381
auc,permuted,0.5204047619047618
auc,permuted,0.5199285714285715
auc,permuted,0.5198079365079364
auc,permuted,0.5302777777777778
auc,permuted,0.5143984126984127
auc,permuted,0.5170190476190477
auc,permuted,0.4946015873015872
auc,permuted,0.4928349206349206
auc,permuted,0.4719730158730159
auc,permuted,0.4700174603174603
auc,permuted,0.5182952380952381
auc,permuted,0.5128460317460318
auc,permuted,0.510452380952381
auc,permuted,0.5393936507936509
auc,permuted,0.5051809523809524
auc,permuted,0.4998190476190477
auc,permuted,0.5131253968253968
auc,permuted,0.5095968253968255
auc,permuted,0.5326031746031746
auc,permuted,0.4871222222222222
auc,permuted,0.4939555555555555
auc,permuted,0.466215873015873
auc,permuted,0.4796031746031746
auc,permuted,0.516163492063492
auc,permuted,0.5383476190476191
auc,permuted,0.4827555555555555
auc,permuted,0.4946365079365079
auc,permuted,0.505836507936508
auc,permuted,0.4955333333333334
auc,permuted,0.5135253968253968
auc,permuted,0.4888619047619047
auc,permuted,0.5095857142857142
auc,permuted,0.5280158730158729
auc,permuted,0.5217349206349207
auc,permuted,0.4648603174603174
auc,permuted,0.4724079365079365
auc,permuted,0.4766444444444445
auc,permuted,0.5508809523809524
auc,permuted,0.4679126984126984
auc,permuted,0.5010031746031747
auc,permuted,0.5335984126984127
auc,permuted,0.5013015873015872
auc,permuted,0.5043841269841269
auc,permuted,0.5126126984126984
auc,permuted,0.5072269841269841
auc,permuted,0.507347619047619
auc,permuted,0.4656380952380952
auc,permuted,0.5248825396825397
auc,permuted,0.465936507936508
auc,permuted,0.5024047619047618
auc,permuted,0.4823603174603174
auc,permuted,0.5298349206349207
auc,permuted,0.4804253968253968
auc,permuted,0.5111777777777776
auc,permuted,0.4985396825396825
auc,permuted,0.5194746031746033
auc,permuted,0.4513428571428571
auc,permuted,0.5365682539682539
auc,permuted,0.5125365079365081
auc,permuted,0.4811301587301588
auc,permuted,0.5652142857142858
auc,permuted,0.4767190476190476
auc,permuted,0.5411476190476191
auc,permuted,0.4855857142857143
auc,permuted,0.4713698412698412
auc,permuted,0.4867253968253968
auc,permuted,0.5207333333333335
auc,permuted,0.4910031746031746
auc,permuted,0.5136158730158732
auc,permuted,0.4909063492063492
auc,permuted,0.5545301587301589
auc,permuted,0.4918269841269841
auc,permuted,0.4569031746031746
auc,permuted,0.5101412698412697
auc,permuted,0.4775904761904762
auc,permuted,0.4916698412698413
auc,permuted,0.4791968253968254
auc,permuted,0.492931746031746
auc,permuted,0.5539349206349207
auc,permuted,0.5005888888888889
auc,permuted,0.4927333333333333
auc,permuted,0.4642238095238096
auc,permuted,0.4968031746031746
auc,permuted,0.487784126984127
auc,permuted,0.5179380952380952
auc,permuted,0.5003428571428572
auc,permuted,0.5208698412698414
auc,permuted,0.461331746031746
auc,permuted,0.532438095238095
auc,permuted,0.5378968253968252
auc,permuted,0.4646492063492063
auc,permuted,0.4901396825396824
auc,permuted,0.514415873015873
auc,permuted,0.48965873015873
auc,permuted,0.5607666666666665
auc,permuted,0.5319825396825397
auc,permuted,0.4869142857142857
auc,permuted,0.4791761904761905
auc,permuted,0.4648222222222222
auc,permuted,0.4995984126984126
auc,permuted,0.4865095238095238
auc,permuted,0.4832190476190476
auc,permuted,0.4955222222222221
auc,permuted,0.4766047619047618
auc,permuted,0.5130603174603173
auc,permuted,0.4722968253968254
auc,permuted,0.4968174603174603
auc,permuted,0.540226984126984
auc,permuted,0.5160507936507936
auc,permuted,0.4926920634920635
auc,permuted,0.5036698412698413
auc,permuted,0.4810396825396826
auc,permuted,0.4759222222222222
auc,permuted,0.5003333333333334
auc,permuted,0.4835666666666666
auc,permuted,0.5098047619047619
auc,permuted,0.4867126984126984
auc,permuted,0.5208222222222223
auc,permuted,0.527215873015873
auc,permuted,0.4666238095238096
auc,permuted,0.5300269841269841
auc,permuted,0.5516984126984126
auc,permuted,0.4898460317460317
auc,permuted,0.461368253968254
auc,permuted,0.5049
auc,permuted,0.5199777777777778
auc,permuted,0.5059619047619046
auc,permuted,0.5034698412698412
auc,permuted,0.4817777777777778
auc,permuted,0.482915873015873
auc,permuted,0.5176015873015872
auc,permuted,0.5099793650793653
auc,permuted,0.5224238095238096
auc,permuted,0.5314523809523811
auc,permuted,0.4841555555555555
auc,permuted,0.4864904761904762
auc,permuted,0.4508365079365079
auc,permuted,0.5083920634920635
auc,permuted,0.4740095238095238
auc,permuted,0.4777047619047619
auc,permuted,0.4935873015873015
auc,permuted,0.4949253968253969
auc,permuted,0.535752380952381
auc,permuted,0.5122412698412699
auc,permuted,0.4919476190476191
auc,permuted,0.5300031746031746
auc,permuted,0.4829396825396825
auc,permuted,0.5130015873015873
auc,permuted,0.5203174603174603
auc,permuted,0.4560857142857142
auc,permuted,0.5026365079365079
auc,permuted,0.4750571428571428
auc,permuted,0.4760492063492064
auc,permuted,0.4729
auc,permuted,0.5246190476190477
auc,permuted,0.4930761904761904
auc,permuted,0.5037142857142857
auc,permuted,0.4607761904761905
auc,permuted,0.4972126984126984
auc,permuted,0.511968253968254
auc,permuted,0.4899015873015873
auc,permuted,0.4376269841269842
auc,permuted,0.5250952380952381
auc,permuted,0.4879222222222223
auc,permuted,0.5111968253968254
auc,permuted,0.484484126984127
auc,permuted,0.4775666666666667
auc,permuted,0.4755650793650794
auc,permuted,0.5268015873015873
auc,permuted,0.4874809523809524
auc,permuted,0.493511111111111
auc,permuted,0.4983126984126984
auc,permuted,0.4950619047619046
auc,permuted,0.4700936507936508
auc,permuted,0.5134380952380952
auc,permuted,0.5135555555555555
auc,permuted,0.4816015873015873
auc,permuted,0.5108031746031747
auc,permuted,0.5110523809523809
auc,permuted,0.5084063492063493
auc,permuted,0.4972380952380953
auc,permuted,0.5330460317460316
auc,permuted,0.4760285714285714
auc,permuted,0.5403619047619048
auc,permuted,0.5040920634920634
auc,permuted,0.4723888888888888
auc,permuted,0.4690714285714287
auc,permuted,0.4809984126984127
auc,permuted,0.4981587301587301
auc,permuted,0.4612333333333333
auc,permuted,0.5072063492063492
auc,permuted,0.5031238095238095
auc,permuted,0.4719539682539683
auc,permuted,0.4931984126984126
auc,permuted,0.5092253968253969
auc,permuted,0.5087936507936508
auc,permuted,0.4908793650793651
auc,permuted,0.5393888888888889
auc,permuted,0.510331746031746
auc,permuted,0.5307539682539683
auc,permuted,0.482104761904762
auc,permuted,0.450052380952381
auc,permuted,0.5276174603174604
auc,permuted,0.5141301587301587
auc,permuted,0.5163619047619048
auc,permuted,0.4603698412698412
auc,permuted,0.5151619047619048
auc,permuted,0.5401365079365079
auc,permuted,0.5178857142857143
auc,permuted,0.5002825396825398
auc,permuted,0.4682730158730158
auc,permuted,0.4708301587301587
auc,permuted,0.5051190476190476
auc,permuted,0.4548285714285714
auc,permuted,0.5186603174603176
auc,permuted,0.4674190476190475
auc,permuted,0.5044777777777778
auc,permuted,0.5130301587301587
auc,permuted,0.4967301587301588
auc,permuted,0.518015873015873
auc,permuted,0.5092492063492063
auc,permuted,0.5117936507936509
auc,permuted,0.4958698412698412
auc,permuted,0.5047730158730159
auc,permuted,0.5013634920634921
auc,permuted,0.5326920634920634
auc,permuted,0.5278809523809523
auc,permuted,0.5058412698412699
auc,permuted,0.4838000000000001
auc,permuted,0.536120634920635
auc,permuted,0.4990571428571428
auc,permuted,0.4962714285714287
auc,permuted,0.5110317460317461
auc,permuted,0.5343698412698412
auc,permuted,0.5165396825396826
auc,permuted,0.5008015873015873
auc,permuted,0.4941730158730158
auc,permuted,0.5260126984126984
auc,permuted,0.5268650793650793
auc,permuted,0.4625238095238095
auc,permuted,0.4590523809523809
auc,permuted,0.4900333333333334
auc,permuted,0.4826412698412698
auc,permuted,0.4988841269841269
auc,permuted,0.4974269841269841
auc,permuted,0.5001904761904762
auc,permuted,0.4692936507936508
auc,permuted,0.5028746031746031
auc,permuted,0.4915873015873016
auc,permuted,0.4938047619047619
auc,permuted,0.4870222222222222
auc,permuted,0.5080936507936508
auc,permuted,0.5106873015873017
auc,permuted,0.4741761904761905
auc,permuted,0.4930873015873016
auc,permuted,0.4797349206349206
auc,permuted,0.5187984126984129
auc,permuted,0.562384126984127
auc,permuted,0.4768428571428571
auc,permuted,0.5360888888888888
auc,permuted,0.4827698412698412
auc,permuted,0.516968253968254
auc,permuted,0.4555761904761904
auc,permuted,0.5748428571428572
auc,permuted,0.4550444444444444
auc,permuted,0.492852380952381
auc,permuted,0.4910015873015873
auc,permuted,0.5087507936507936
auc,permuted,0.4778873015873016
auc,permuted,0.5117873015873015
auc,permuted,0.5235523809523811
auc,permuted,0.4834380952380952
auc,permuted,0.5035095238095237
auc,permuted,0.4557714285714285
auc,permuted,0.4983301587301587
auc,permuted,0.5473444444444444
auc,permuted,0.5212619047619047
auc,permuted,0.5167460317460316
auc,permuted,0.517731746031746
auc,permuted,0.5036253968253969
auc,permuted,0.4981825396825396
auc,permuted,0.4746000000000001
auc,permuted,0.4644190476190477
auc,permuted,0.5132015873015874
auc,permuted,0.4586698412698413
auc,permuted,0.5060904761904762
auc,permuted,0.5079333333333333
auc,permuted,0.5239349206349208
auc,permuted,0.4855253968253968
auc,permuted,0.4974888888888889
auc,permuted,0.5132825396825397
auc,permuted,0.5362015873015874
auc,permuted,0.5098746031746032
auc,permuted,0.5185492063492063
auc,permuted,0.5013492063492063
auc,permuted,0.5026412698412699
auc,permuted,0.4698222222222221
auc,permuted,0.478611111111111
auc,permuted,0.4783587301587302
auc,permuted,0.5218333333333334
auc,permuted,0.4886428571428571
auc,permuted,0.5272349206349206
auc,permuted,0.4925809523809523
auc,permuted,0.5040698412698412
auc,permuted,0.4907634920634921
auc,permuted,0.5031730158730158
auc,permuted,0.5205158730158731
auc,permuted,0.5181301587301587
auc,permuted,0.5018936507936508
auc,permuted,0.499684126984127
auc,permuted,0.5385825396825398
auc,permuted,0.5265539682539682
auc,permuted,0.4499444444444445
auc,permuted,0.5757555555555557
auc,permuted,0.4719253968253968
auc,permuted,0.4531555555555556
auc,permuted,0.5107714285714287
auc,permuted,0.4904444444444444
auc,permuted,0.4761031746031745
auc,permuted,0.478015873015873
auc,permuted,0.5221539682539683
auc,permuted,0.4976809523809523
auc,permuted,0.5154301587301587
auc,permuted,0.5121349206349208
auc,permuted,0.4973126984126984
auc,permuted,0.4868714285714285
auc,permuted,0.4927571428571429
auc,permuted,0.5150063492063494
auc,permuted,0.5101952380952381
auc,permuted,0.4619571428571429
auc,permuted,0.5741222222222222
auc,permuted,0.4446888888888889
auc,permuted,0.5262476190476192
auc,permuted,0.5482587301587302
auc,permuted,0.5282031746031747
auc,permuted,0.4941714285714285
auc,permuted,0.4832000000000001
auc,permuted,0.4918095238095238
auc,permuted,0.4881936507936507
auc,permuted,0.4826047619047619
auc,permuted,0.4994095238095238
auc,permuted,0.4781492063492064
auc,permuted,0.5699269841269842
auc,permuted,0.5199238095238096
auc,permuted,0.4529539682539682
auc,permuted,0.5260317460317461
auc,permuted,0.5129396825396826
auc,permuted,0.4811777777777778
auc,permuted,0.4952206349206348
auc,permuted,0.4734761904761904
auc,permuted,0.5157253968253969
auc,permuted,0.4861444444444445
auc,permuted,0.4850507936507936
auc,permuted,0.5185063492063492
auc,permuted,0.4910206349206349
auc,permuted,0.5269365079365079
auc,permuted,0.5199063492063493
auc,permuted,0.5086650793650793
auc,permuted,0.487620634920635
auc,permuted,0.5060841269841269
auc,permuted,0.5103476190476189
auc,permuted,0.4874095238095238
auc,permuted,0.5148682539682541
auc,permuted,0.5178126984126984
auc,permuted,0.4645206349206348
auc,permuted,0.5036873015873017
auc,permuted,0.4783714285714286
auc,permuted,0.4619936507936508
auc,permuted,0.4996603174603175
auc,permuted,0.5188539682539682
auc,permuted,0.4856968253968254
auc,permuted,0.5331079365079365
auc,permuted,0.4816238095238095
auc,permuted,0.4869460317460315
auc,permuted,0.4906984126984127
auc,permuted,0.493920634920635
auc,permuted,0.5298126984126985
auc,permuted,0.4959349206349206
auc,permuted,0.4771365079365079
auc,permuted,0.4995539682539684
auc,permuted,0.5010730158730159
auc,permuted,0.5026539682539682
auc,permuted,0.4961063492063492
auc,permuted,0.495515873015873
auc,permuted,0.5042904761904761
auc,permuted,0.5459126984126984
auc,permuted,0.4835190476190476
auc,permuted,0.5070809523809524
auc,permuted,0.5142920634920636
auc,permuted,0.5131333333333334
auc,permuted,0.5002809523809524
auc,permuted,0.5199317460317461
auc,permuted,0.4739634920634921
auc,permuted,0.4893444444444444
balanced_accuracy,true,0.5367142857142857
balanced_accuracy,true,0.5255714285714285
balanced_accuracy,true,0.5423333333333332
balanced_accuracy,true,0.5315714285714286
balanced_accuracy,true,0.5455714285714286
balanced_accuracy,true,0.5397619047619049
balanced_accuracy,true,0.5229047619047619
balanced_accuracy,true,0.5192380952380953
balanced_accuracy,true,0.5351428571428571
balanced_accuracy,true,0.5022380952380954
balanced_accuracy,true,0.5485714285714286
balanced_accuracy,true,0.551
balanced_accuracy,true,0.5177619047619048
balanced_accuracy,true,0.5337619047619048
balanced_accuracy,true,0.520904761904762
balanced_accuracy,true,0.5396190476190477
balanced_accuracy,true,0.5464761904761904
balanced_accuracy,true,0.5254761904761905
balanced_accuracy,true,0.5261428571428572
balanced_accuracy,true,0.5097619047619049
balanced_accuracy,true,0.5363809523809523
balanced_accuracy,true,0.5282380952380953
balanced_accuracy,true,0.529809523809524
balanced_accuracy,true,0.527047619047619
balanced_accuracy,true,0.5290952380952381
balanced_accuracy,true,0.5291904761904762
balanced_accuracy,true,0.5416666666666666
balanced_accuracy,true,0.5404761904761906
balanced_accuracy,true,0.5253809523809524
balanced_accuracy,true,0.5264285714285715
balanced_accuracy,true,0.5443809523809524
balanced_accuracy,true,0.5486666666666666
balanced_accuracy,true,0.5462857142857143
balanced_accuracy,true,0.5581428571428572
balanced_accuracy,true,0.533047619047619
balanced_accuracy,true,0.5169047619047618
balanced_accuracy,true,0.5327619047619048
balanced_accuracy,true,0.5292380952380954
balanced_accuracy,true,0.5282857142857142
balanced_accuracy,true,0.5388095238095237
balanced_accuracy,true,0.5264285714285715
balanced_accuracy,true,0.5319047619047619
balanced_accuracy,true,0.5204761904761905
balanced_accuracy,true,0.5503809523809524
balanced_accuracy,true,0.5257619047619047
balanced_accuracy,true,0.5236190476190475
balanced_accuracy,true,0.5327142857142857
balanced_accuracy,true,0.531952380952381
balanced_accuracy,true,0.5246666666666666
balanced_accuracy,true,0.5450952380952381
balanced_accuracy,true,0.5385714285714286
balanced_accuracy,true,0.5238095238095237
balanced_accuracy,true,0.5603333333333333
balanced_accuracy,true,0.5282857142857142
balanced_accuracy,true,0.5073809523809523
balanced_accuracy,true,0.5317619047619047
balanced_accuracy,true,0.514047619047619
balanced_accuracy,true,0.5243333333333333
balanced_accuracy,true,0.536
balanced_accuracy,true,0.5393333333333333
balanced_accuracy,true,0.542142857142857
balanced_accuracy,true,0.5440952380952381
balanced_accuracy,true,0.5386190476190477
balanced_accuracy,true,0.5283809523809524
balanced_accuracy,true,0.5234761904761905
balanced_accuracy,true,0.5246666666666666
balanced_accuracy,true,0.5250952380952382
balanced_accuracy,true,0.525952380952381
balanced_accuracy,true,0.5554285714285715
balanced_accuracy,true,0.5325714285714286
balanced_accuracy,true,0.5398571428571427
balanced_accuracy,true,0.5226190476190476
balanced_accuracy,true,0.5360952380952382
balanced_accuracy,true,0.5206666666666667
balanced_accuracy,true,0.5253809523809523
balanced_accuracy,true,0.521047619047619
balanced_accuracy,true,0.5299523809523811
balanced_accuracy,true,0.5292857142857142
balanced_accuracy,true,0.5293809523809524
balanced_accuracy,true,0.5448571428571428
balanced_accuracy,true,0.5439523809523809
balanced_accuracy,true,0.5614285714285714
balanced_accuracy,true,0.5186190476190476
balanced_accuracy,true,0.5253333333333334
balanced_accuracy,true,0.5211428571428571
balanced_accuracy,true,0.5285714285714286
balanced_accuracy,true,0.5189523809523809
balanced_accuracy,true,0.5218571428571429
balanced_accuracy,true,0.5344285714285714
balanced_accuracy,true,0.527904761904762
balanced_accuracy,true,0.5309047619047619
balanced_accuracy,true,0.5340952380952381
balanced_accuracy,true,0.5323809523809524
balanced_accuracy,true,0.5422857142857143
balanced_accuracy,true,0.5342857142857143
balanced_accuracy,true,0.5343333333333333
balanced_accuracy,true,0.5360952380952383
balanced_accuracy,true,0.5141428571428571
balanced_accuracy,true,0.5515714285714286
balanced_accuracy,true,0.5527619047619047
balanced_accuracy,permuted,0.5102380952380953
balanced_accuracy,permuted,0.4897142857142857
balanced_accuracy,permuted,0.5233809523809524
balanced_accuracy,permuted,0.5122857142857141
balanced_accuracy,permuted,0.5145714285714286
balanced_accuracy,permuted,0.4886190476190476
balanced_accuracy,permuted,0.5025238095238095
balanced_accuracy,permuted,0.4937142857142857
balanced_accuracy,permuted,0.505904761904762
balanced_accuracy,permuted,0.5167142857142858
balanced_accuracy,permuted,0.5398571428571428
balanced_accuracy,permuted,0.5099523809523809
balanced_accuracy,permuted,0.4862857142857142
balanced_accuracy,permuted,0.4804285714285713
balanced_accuracy,permuted,0.5121428571428571
balanced_accuracy,permuted,0.4886666666666667
balanced_accuracy,permuted,0.5171904761904763
balanced_accuracy,permuted,0.5166190476190476
balanced_accuracy,permuted,0.5186666666666666
balanced_accuracy,permuted,0.5236666666666666
balanced_accuracy,permuted,0.5081904761904762
balanced_accuracy,permuted,0.5124285714285715
balanced_accuracy,permuted,0.5614285714285714
balanced_accuracy,permuted,0.4854761904761905
balanced_accuracy,permuted,0.4843809523809524
balanced_accuracy,permuted,0.501
balanced_accuracy,permuted,0.5000952380952381
balanced_accuracy,permuted,0.4842380952380952
balanced_accuracy,permuted,0.5043809523809524
balanced_accuracy,permuted,0.4886190476190476
balanced_accuracy,permuted,0.5134285714285715
balanced_accuracy,permuted,0.5066666666666667
balanced_accuracy,permuted,0.5052857142857142
balanced_accuracy,permuted,0.4879047619047618
balanced_accuracy,permuted,0.4677142857142856
balanced_accuracy,permuted,0.5439999999999999
balanced_accuracy,permuted,0.493952380952381
balanced_accuracy,permuted,0.5085714285714286
balanced_accuracy,permuted,0.4992857142857142
balanced_accuracy,permuted,0.5057142857142857
balanced_accuracy,permuted,0.5063333333333334
balanced_accuracy,permuted,0.4752380952380952
balanced_accuracy,permuted,0.4956190476190475
balanced_accuracy,permuted,0.4792380952380953
balanced_accuracy,permuted,0.4990952380952381
balanced_accuracy,permuted,0.4637142857142857
balanced_accuracy,permuted,0.4973333333333333
balanced_accuracy,permuted,0.4994285714285714
balanced_accuracy,permuted,0.4964761904761904
balanced_accuracy,permuted,0.5061428571428571
balanced_accuracy,permuted,0.5243333333333333
balanced_accuracy,permuted,0.5045238095238095
balanced_accuracy,permuted,0.4787142857142857
balanced_accuracy,permuted,0.5122857142857141
balanced_accuracy,permuted,0.5316666666666667
balanced_accuracy,permuted,0.5021904761904762
balanced_accuracy,permuted,0.495952380952381
balanced_accuracy,permuted,0.5059047619047619
balanced_accuracy,permuted,0.5213809523809523
balanced_accuracy,permuted,0.4738095238095239
balanced_accuracy,permuted,0.4975714285714286
balanced_accuracy,permuted,0.5061428571428571
balanced_accuracy,permuted,0.5043333333333333
balanced_accuracy,permuted,0.5127619047619048
balanced_accuracy,permuted,0.4939047619047618
balanced_accuracy,permuted,0.5373809523809523
balanced_accuracy,permuted,0.5114285714285713
balanced_accuracy,permuted,0.5160476190476191
balanced_accuracy,permuted,0.5155238095238094
balanced_accuracy,permuted,0.5098095238095238
balanced_accuracy,permuted,0.5348095238095237
balanced_accuracy,permuted,0.5234761904761904
balanced_accuracy,permuted,0.4847619047619047
balanced_accuracy,permuted,0.4905714285714286
balanced_accuracy,permuted,0.4799047619047619
balanced_accuracy,permuted,0.4889999999999999
balanced_accuracy,permuted,0.5063809523809525
balanced_accuracy,permuted,0.518
balanced_accuracy,permuted,0.5368571428571428
balanced_accuracy,permuted,0.4917619047619047
balanced_accuracy,permuted,0.5212380952380952
balanced_accuracy,permuted,0.4739047619047619
balanced_accuracy,permuted,0.4889523809523809
balanced_accuracy,permuted,0.4891904761904762
balanced_accuracy,permuted,0.525142857142857
balanced_accuracy,permuted,0.4845238095238096
balanced_accuracy,permuted,0.4917619047619047
balanced_accuracy,permuted,0.4983809523809524
balanced_accuracy,permuted,0.509095238095238
balanced_accuracy,permuted,0.4944285714285715
balanced_accuracy,permuted,0.5114761904761905
balanced_accuracy,permuted,0.4667142857142857
balanced_accuracy,permuted,0.5206666666666666
balanced_accuracy,permuted,0.5414761904761904
balanced_accuracy,permuted,0.5026666666666667
balanced_accuracy,permuted,0.5027619047619047
balanced_accuracy,permuted,0.4587142857142857
balanced_accuracy,permuted,0.4924761904761905
balanced_accuracy,permuted,0.4818571428571428
balanced_accuracy,permuted,0.5162857142857143
balanced_accuracy,permuted,0.5034761904761904
balanced_accuracy,permuted,0.4893809523809523
balanced_accuracy,permuted,0.4993333333333333
balanced_accuracy,permuted,0.5035714285714286
balanced_accuracy,permuted,0.4894285714285713
balanced_accuracy,permuted,0.5029999999999999
balanced_accuracy,permuted,0.5200476190476191
balanced_accuracy,permuted,0.5254285714285715
balanced_accuracy,permuted,0.5113333333333334
balanced_accuracy,permuted,0.5042857142857141
balanced_accuracy,permuted,0.5229523809523808
balanced_accuracy,permuted,0.5221428571428571
balanced_accuracy,permuted,0.5082380952380953
balanced_accuracy,permuted,0.508952380952381
balanced_accuracy,permuted,0.4903333333333333
balanced_accuracy,permuted,0.4774761904761904
balanced_accuracy,permuted,0.514095238095238
balanced_accuracy,permuted,0.515
balanced_accuracy,permuted,0.500047619047619
balanced_accuracy,permuted,0.5249999999999999
balanced_accuracy,permuted,0.4925238095238095
balanced_accuracy,permuted,0.4994285714285714
balanced_accuracy,permuted,0.4990952380952382
balanced_accuracy,permuted,0.501
balanced_accuracy,permuted,0.5163333333333333
balanced_accuracy,permuted,0.4806190476190475
balanced_accuracy,permuted,0.4806666666666666
balanced_accuracy,permuted,0.4702380952380952
balanced_accuracy,permuted,0.4811904761904761
balanced_accuracy,permuted,0.5053809523809524
balanced_accuracy,permuted,0.5122857142857143
balanced_accuracy,permuted,0.4738571428571427
balanced_accuracy,permuted,0.4907142857142857
balanced_accuracy,permuted,0.5149523809523809
balanced_accuracy,permuted,0.4910952380952381
balanced_accuracy,permuted,0.5131904761904763
balanced_accuracy,permuted,0.4984761904761904
balanced_accuracy,permuted,0.4998571428571428
balanced_accuracy,permuted,0.5077619047619047
balanced_accuracy,permuted,0.5055714285714286
balanced_accuracy,permuted,0.4888571428571427
balanced_accuracy,permuted,0.493
balanced_accuracy,permuted,0.4831428571428572
balanced_accuracy,permuted,0.5428095238095236
balanced_accuracy,permuted,0.4875714285714286
balanced_accuracy,permuted,0.5038571428571429
balanced_accuracy,permuted,0.5112380952380952
balanced_accuracy,permuted,0.4946666666666666
balanced_accuracy,permuted,0.4914761904761904
balanced_accuracy,permuted,0.5127619047619048
balanced_accuracy,permuted,0.5047619047619047
balanced_accuracy,permuted,0.49
balanced_accuracy,permuted,0.4802380952380952
balanced_accuracy,permuted,0.5061904761904762
balanced_accuracy,permuted,0.4768095238095238
balanced_accuracy,permuted,0.4940952380952381
balanced_accuracy,permuted,0.4842857142857142
balanced_accuracy,permuted,0.5252857142857142
balanced_accuracy,permuted,0.4903333333333333
balanced_accuracy,permuted,0.4953333333333332
balanced_accuracy,permuted,0.5029999999999999
balanced_accuracy,permuted,0.5096190476190477
balanced_accuracy,permuted,0.476904761904762
balanced_accuracy,permuted,0.5051428571428571
balanced_accuracy,permuted,0.5241904761904761
balanced_accuracy,permuted,0.490047619047619
balanced_accuracy,permuted,0.5527142857142857
balanced_accuracy,permuted,0.4883809523809524
balanced_accuracy,permuted,0.525047619047619
balanced_accuracy,permuted,0.4906666666666667
balanced_accuracy,permuted,0.4889999999999999
balanced_accuracy,permuted,0.4895714285714286
balanced_accuracy,permuted,0.5124285714285713
balanced_accuracy,permuted,0.4872857142857142
balanced_accuracy,permuted,0.5021904761904761
balanced_accuracy,permuted,0.4923333333333333
balanced_accuracy,permuted,0.5381428571428571
balanced_accuracy,permuted,0.4915238095238095
balanced_accuracy,permuted,0.484047619047619
balanced_accuracy,permuted,0.4996666666666666
balanced_accuracy,permuted,0.4923333333333333
balanced_accuracy,permuted,0.5067142857142856
balanced_accuracy,permuted,0.4968571428571429
balanced_accuracy,permuted,0.4983809523809523
balanced_accuracy,permuted,0.5258571428571429
balanced_accuracy,permuted,0.5054761904761905
balanced_accuracy,permuted,0.5065238095238096
balanced_accuracy,permuted,0.4782857142857143
balanced_accuracy,permuted,0.505142857142857
balanced_accuracy,permuted,0.4934285714285714
balanced_accuracy,permuted,0.508
balanced_accuracy,permuted,0.5025714285714284
balanced_accuracy,permuted,0.4976666666666666
balanced_accuracy,permuted,0.4624285714285714
balanced_accuracy,permuted,0.5246666666666666
balanced_accuracy,permuted,0.5186190476190476
balanced_accuracy,permuted,0.4889523809523809
balanced_accuracy,permuted,0.5004285714285714
balanced_accuracy,permuted,0.508952380952381
balanced_accuracy,permuted,0.4926190476190475
balanced_accuracy,permuted,0.5400476190476191
balanced_accuracy,permuted,0.5277142857142857
balanced_accuracy,permuted,0.474952380952381
balanced_accuracy,permuted,0.4989047619047619
balanced_accuracy,permuted,0.4659523809523809
balanced_accuracy,permuted,0.4903333333333332
balanced_accuracy,permuted,0.4864761904761905
balanced_accuracy,permuted,0.481095238095238
balanced_accuracy,permuted,0.4872857142857142
balanced_accuracy,permuted,0.4804285714285715
balanced_accuracy,permuted,0.5027142857142857
balanced_accuracy,permuted,0.4977619047619048
balanced_accuracy,permuted,0.507
balanced_accuracy,permuted,0.5199047619047619
balanced_accuracy,permuted,0.5197142857142857
balanced_accuracy,permuted,0.4942857142857142
balanced_accuracy,permuted,0.5129523809523807
balanced_accuracy,permuted,0.4821904761904761
balanced_accuracy,permuted,0.4664285714285714
balanced_accuracy,permuted,0.5030952380952382
balanced_accuracy,permuted,0.4859523809523809
balanced_accuracy,permuted,0.5059047619047619
balanced_accuracy,permuted,0.5018095238095237
balanced_accuracy,permuted,0.5061428571428571
balanced_accuracy,permuted,0.5139523809523809
balanced_accuracy,permuted,0.4735238095238094
balanced_accuracy,permuted,0.5188095238095237
balanced_accuracy,permuted,0.5337142857142857
balanced_accuracy,permuted,0.4859047619047618
balanced_accuracy,permuted,0.4772380952380952
balanced_accuracy,permuted,0.5073333333333334
balanced_accuracy,permuted,0.495952380952381
balanced_accuracy,permuted,0.5097142857142857
balanced_accuracy,permuted,0.5166190476190475
balanced_accuracy,permuted,0.4796666666666667
balanced_accuracy,permuted,0.4800952380952381
balanced_accuracy,permuted,0.498
balanced_accuracy,permuted,0.4997142857142858
balanced_accuracy,permuted,0.4973333333333333
balanced_accuracy,permuted,0.5167619047619046
balanced_accuracy,permuted,0.4869523809523809
balanced_accuracy,permuted,0.4753333333333333
balanced_accuracy,permuted,0.4641904761904761
balanced_accuracy,permuted,0.5177619047619049
balanced_accuracy,permuted,0.4773809523809523
balanced_accuracy,permuted,0.4732380952380952
balanced_accuracy,permuted,0.4891904761904762
balanced_accuracy,permuted,0.4913333333333333
balanced_accuracy,permuted,0.5198571428571428
balanced_accuracy,permuted,0.5122857142857142
balanced_accuracy,permuted,0.494
balanced_accuracy,permuted,0.5218095238095238
balanced_accuracy,permuted,0.4803333333333333
balanced_accuracy,permuted,0.5094285714285713
balanced_accuracy,permuted,0.511095238095238
balanced_accuracy,permuted,0.4730476190476191
balanced_accuracy,permuted,0.4885238095238095
balanced_accuracy,permuted,0.4953809523809523
balanced_accuracy,permuted,0.4970952380952381
balanced_accuracy,permuted,0.4904761904761904
balanced_accuracy,permuted,0.5008095238095238
balanced_accuracy,permuted,0.4912857142857142
balanced_accuracy,permuted,0.5107142857142857
balanced_accuracy,permuted,0.4781428571428571
balanced_accuracy,permuted,0.5063809523809524
balanced_accuracy,permuted,0.5032380952380953
balanced_accuracy,permuted,0.5038095238095238
balanced_accuracy,permuted,0.4484761904761904
balanced_accuracy,permuted,0.5398095238095239
balanced_accuracy,permuted,0.5133333333333333
balanced_accuracy,permuted,0.5032857142857142
balanced_accuracy,permuted,0.4869999999999999
balanced_accuracy,permuted,0.4863809523809523
balanced_accuracy,permuted,0.469047619047619
balanced_accuracy,permuted,0.5304285714285714
balanced_accuracy,permuted,0.4866666666666667
balanced_accuracy,permuted,0.5029523809523809
balanced_accuracy,permuted,0.5047142857142857
balanced_accuracy,permuted,0.4996190476190476
balanced_accuracy,permuted,0.4862857142857141
balanced_accuracy,permuted,0.5061428571428571
balanced_accuracy,permuted,0.5072380952380953
balanced_accuracy,permuted,0.4833333333333334
balanced_accuracy,permuted,0.5000952380952381
balanced_accuracy,permuted,0.5068571428571429
balanced_accuracy,permuted,0.5129523809523808
balanced_accuracy,permuted,0.4992380952380953
balanced_accuracy,permuted,0.5289523809523811
balanced_accuracy,permuted,0.4804285714285715
balanced_accuracy,permuted,0.5059523809523809
balanced_accuracy,permuted,0.5106190476190478
balanced_accuracy,permuted,0.4779999999999999
balanced_accuracy,permuted,0.474047619047619
balanced_accuracy,permuted,0.4824285714285714
balanced_accuracy,permuted,0.5018571428571428
balanced_accuracy,permuted,0.4725714285714285
balanced_accuracy,permuted,0.5161904761904763
balanced_accuracy,permuted,0.5009523809523809
balanced_accuracy,permuted,0.4899047619047618
balanced_accuracy,permuted,0.4918571428571428
balanced_accuracy,permuted,0.4900476190476189
balanced_accuracy,permuted,0.512
balanced_accuracy,permuted,0.4900476190476189
balanced_accuracy,permuted,0.5167619047619049
balanced_accuracy,permuted,0.5097619047619049
balanced_accuracy,permuted,0.5186190476190475
balanced_accuracy,permuted,0.4808571428571428
balanced_accuracy,permuted,0.4757142857142857
balanced_accuracy,permuted,0.5208571428571429
balanced_accuracy,permuted,0.5132857142857142
balanced_accuracy,permuted,0.5055238095238096
balanced_accuracy,permuted,0.4824285714285715
balanced_accuracy,permuted,0.5100952380952379
balanced_accuracy,permuted,0.5150952380952379
balanced_accuracy,permuted,0.5075714285714285
balanced_accuracy,permuted,0.5003809523809524
balanced_accuracy,permuted,0.4842857142857142
balanced_accuracy,permuted,0.4835714285714286
balanced_accuracy,permuted,0.4952380952380952
balanced_accuracy,permuted,0.455047619047619
balanced_accuracy,permuted,0.5141428571428572
balanced_accuracy,permuted,0.4927619047619047
balanced_accuracy,permuted,0.4969047619047619
balanced_accuracy,permuted,0.5008571428571428
balanced_accuracy,permuted,0.503
balanced_accuracy,permuted,0.511904761904762
balanced_accuracy,permuted,0.4944285714285714
balanced_accuracy,permuted,0.4998571428571429
balanced_accuracy,permuted,0.5051428571428571
balanced_accuracy,permuted,0.4927619047619047
balanced_accuracy,permuted,0.4933809523809523
balanced_accuracy,permuted,0.5318571428571427
balanced_accuracy,permuted,0.5049047619047619
balanced_accuracy,permuted,0.5131904761904762
balanced_accuracy,permuted,0.4824761904761905
balanced_accuracy,permuted,0.5232857142857144
balanced_accuracy,permuted,0.4972857142857142
balanced_accuracy,permuted,0.4951428571428571
balanced_accuracy,permuted,0.5087142857142857
balanced_accuracy,permuted,0.5136190476190475
balanced_accuracy,permuted,0.5183809523809525
balanced_accuracy,permuted,0.4978095238095238
balanced_accuracy,permuted,0.4961428571428571
balanced_accuracy,permuted,0.5102857142857141
balanced_accuracy,permuted,0.5107619047619049
balanced_accuracy,permuted,0.4636190476190476
balanced_accuracy,permuted,0.479952380952381
balanced_accuracy,permuted,0.4768095238095238
balanced_accuracy,permuted,0.5102380952380954
balanced_accuracy,permuted,0.4887619047619047
balanced_accuracy,permuted,0.5153333333333333
balanced_accuracy,permuted,0.4960952380952381
balanced_accuracy,permuted,0.4891904761904763
balanced_accuracy,permuted,0.5023333333333333
balanced_accuracy,permuted,0.4929047619047619
balanced_accuracy,permuted,0.4978571428571429
balanced_accuracy,permuted,0.4889523809523809
balanced_accuracy,permuted,0.5009523809523809
balanced_accuracy,permuted,0.5104285714285712
balanced_accuracy,permuted,0.4873809523809524
balanced_accuracy,permuted,0.4950952380952381
balanced_accuracy,permuted,0.4969523809523808
balanced_accuracy,permuted,0.5127142857142857
balanced_accuracy,permuted,0.5494761904761903
balanced_accuracy,permuted,0.5026190476190476
balanced_accuracy,permuted,0.5272857142857142
balanced_accuracy,permuted,0.4951428571428571
balanced_accuracy,permuted,0.5189523809523808
balanced_accuracy,permuted,0.4659523809523809
balanced_accuracy,permuted,0.5553809523809523
balanced_accuracy,permuted,0.4786190476190475
balanced_accuracy,permuted,0.4911428571428571
balanced_accuracy,permuted,0.5009999999999999
balanced_accuracy,permuted,0.5203333333333333
balanced_accuracy,permuted,0.4779999999999999
balanced_accuracy,permuted,0.5106666666666667
balanced_accuracy,permuted,0.5238571428571429
balanced_accuracy,permuted,0.4664761904761904
balanced_accuracy,permuted,0.498952380952381
balanced_accuracy,permuted,0.4848095238095238
balanced_accuracy,permuted,0.4975714285714285
balanced_accuracy,permuted,0.5276666666666667
balanced_accuracy,permuted,0.5055238095238096
balanced_accuracy,permuted,0.5143809523809523
balanced_accuracy,permuted,0.5313333333333332
balanced_accuracy,permuted,0.5092857142857142
balanced_accuracy,permuted,0.4949047619047619
balanced_accuracy,permuted,0.4776190476190475
balanced_accuracy,permuted,0.4651428571428572
balanced_accuracy,permuted,0.5191904761904762
balanced_accuracy,permuted,0.4709523809523809
balanced_accuracy,permuted,0.489952380952381
balanced_accuracy,permuted,0.508904761904762
balanced_accuracy,permuted,0.5109999999999999
balanced_accuracy,permuted,0.4859999999999999
balanced_accuracy,permuted,0.5055714285714284
balanced_accuracy,permuted,0.5003333333333333
balanced_accuracy,permuted,0.5306190476190475
balanced_accuracy,permuted,0.5211904761904762
balanced_accuracy,permuted,0.514095238095238
balanced_accuracy,permuted,0.511095238095238
balanced_accuracy,permuted,0.491047619047619
balanced_accuracy,permuted,0.4685238095238095
balanced_accuracy,permuted,0.4715714285714285
balanced_accuracy,permuted,0.4761428571428572
balanced_accuracy,permuted,0.5236190476190475
balanced_accuracy,permuted,0.481904761904762
balanced_accuracy,permuted,0.5241904761904763
balanced_accuracy,permuted,0.5138095238095238
balanced_accuracy,permuted,0.5009047619047619
balanced_accuracy,permuted,0.497952380952381
balanced_accuracy,permuted,0.4872857142857142
balanced_accuracy,permuted,0.5228095238095237
balanced_accuracy,permuted,0.5260952380952381
balanced_accuracy,permuted,0.4968571428571429
balanced_accuracy,permuted,0.4889999999999999
balanced_accuracy,permuted,0.5145238095238095
balanced_accuracy,permuted,0.5066666666666667
balanced_accuracy,permuted,0.462047619047619
balanced_accuracy,permuted,0.5384761904761906
balanced_accuracy,permuted,0.4854761904761904
balanced_accuracy,permuted,0.4764761904761904
balanced_accuracy,permuted,0.4987142857142856
balanced_accuracy,permuted,0.4895714285714285
balanced_accuracy,permuted,0.4884761904761905
balanced_accuracy,permuted,0.4722380952380952
balanced_accuracy,permuted,0.4975714285714285
balanced_accuracy,permuted,0.5039523809523809
balanced_accuracy,permuted,0.5096190476190475
balanced_accuracy,permuted,0.5268095238095238
balanced_accuracy,permuted,0.4988571428571428
balanced_accuracy,permuted,0.5052380952380952
balanced_accuracy,permuted,0.5038571428571428
balanced_accuracy,permuted,0.5098571428571428
balanced_accuracy,permuted,0.4992380952380953
balanced_accuracy,permuted,0.4871904761904763
balanced_accuracy,permuted,0.5456190476190477
balanced_accuracy,permuted,0.4834761904761905
balanced_accuracy,permuted,0.5245238095238095
balanced_accuracy,permuted,0.5147142857142857
balanced_accuracy,permuted,0.5238571428571429
balanced_accuracy,permuted,0.4893809523809524
balanced_accuracy,permuted,0.4866190476190476
balanced_accuracy,permuted,0.4916190476190475
balanced_accuracy,permuted,0.4985714285714285
balanced_accuracy,permuted,0.4883333333333333
balanced_accuracy,permuted,0.4831904761904761
balanced_accuracy,permuted,0.473047619047619
balanced_accuracy,permuted,0.534047619047619
balanced_accuracy,permuted,0.5159047619047619
balanced_accuracy,permuted,0.4598571428571428
balanced_accuracy,permuted,0.5142857142857142
balanced_accuracy,permuted,0.5048571428571428
balanced_accuracy,permuted,0.4942380952380952
balanced_accuracy,permuted,0.4975238095238095
balanced_accuracy,permuted,0.4797142857142857
balanced_accuracy,permuted,0.5095238095238095
balanced_accuracy,permuted,0.4964761904761904
balanced_accuracy,permuted,0.503047619047619
balanced_accuracy,permuted,0.5166190476190476
balanced_accuracy,permuted,0.497952380952381
balanced_accuracy,permuted,0.5115238095238096
balanced_accuracy,permuted,0.5118571428571428
balanced_accuracy,permuted,0.5248571428571428
balanced_accuracy,permuted,0.4905714285714286
balanced_accuracy,permuted,0.5111904761904763
balanced_accuracy,permuted,0.5165238095238095
balanced_accuracy,permuted,0.4919047619047618
balanced_accuracy,permuted,0.5246190476190475
balanced_accuracy,permuted,0.5076666666666666
balanced_accuracy,permuted,0.4913333333333333
balanced_accuracy,permuted,0.5042857142857142
balanced_accuracy,permuted,0.4976666666666667
balanced_accuracy,permuted,0.4715714285714285
balanced_accuracy,permuted,0.5073809523809524
balanced_accuracy,permuted,0.5120476190476191
balanced_accuracy,permuted,0.4918571428571428
balanced_accuracy,permuted,0.5382380952380952
balanced_accuracy,permuted,0.4788095238095238
balanced_accuracy,permuted,0.4814761904761904
balanced_accuracy,permuted,0.4906190476190476
balanced_accuracy,permuted,0.5037142857142858
balanced_accuracy,permuted,0.5045714285714286
balanced_accuracy,permuted,0.5083333333333334
balanced_accuracy,permuted,0.4931428571428571
balanced_accuracy,permuted,0.5168095238095237
balanced_accuracy,permuted,0.5076666666666667
balanced_accuracy,permuted,0.5035238095238096
balanced_accuracy,permuted,0.5054285714285714
balanced_accuracy,permuted,0.5096190476190476
balanced_accuracy,permuted,0.5061428571428571
balanced_accuracy,permuted,0.5243333333333333
balanced_accuracy,permuted,0.4996190476190476
balanced_accuracy,permuted,0.499095238095238
balanced_accuracy,permuted,0.524
balanced_accuracy,permuted,0.4938095238095238
balanced_accuracy,permuted,0.503
balanced_accuracy,permuted,0.5149047619047619
balanced_accuracy,permuted,0.4829999999999999
balanced_accuracy,permuted,0.4958095238095237
mcc,true,0.0792079952920291
mcc,true,0.0599447218819353
mcc,true,0.0948813322357751
mcc,true,0.0703780256476656
mcc,true,0.0959449616103745
mcc,true,0.0874664169707394
mcc,true,0.0519972733503053
mcc,true,0.0369914432384051
mcc,true,0.0729872810969421
mcc,true,0.0041956704058297
mcc,true,0.0997139176981219
mcc,true,0.1054778509014883
mcc,true,0.0360222318749802
mcc,true,0.075406871030765
mcc,true,0.0426312822485016
mcc,true,0.0834854697978057
mcc,true,0.0895955990148914
mcc,true,0.0561111877345679
mcc,true,0.0532049884244268
mcc,true,0.0164413645089246
mcc,true,0.0748666768832381
mcc,true,0.0645565824699522
mcc,true,0.0661649253003994
mcc,true,0.0661238927419182
mcc,true,0.0677596654670477
mcc,true,0.061789495599976
mcc,true,0.0862523975773636
mcc,true,0.0849186803825499
mcc,true,0.0532296804656414
mcc,true,0.0608826296317533
mcc,true,0.0931414098073663
mcc,true,0.1069353874396053
mcc,true,0.0925215068563298
mcc,true,0.1227215980908763
mcc,true,0.0723116972048541
mcc,true,0.0346399281475312
mcc,true,0.0696066952219669
mcc,true,0.0631803434854576
mcc,true,0.0629580042059346
mcc,true,0.0847570118917693
mcc,true,0.055950006662885
mcc,true,0.072731090707573
mcc,true,0.0452085409808547
mcc,true,0.1116374773386196
mcc,true,0.0619519721517195
mcc,true,0.0514119076400893
mcc,true,0.0722353681050443
mcc,true,0.0732610169921823
mcc,true,0.0493792970938813
mcc,true,0.0996943929925814
mcc,true,0.0803149676717444
mcc,true,0.0460220827856506
mcc,true,0.1244717956231481
mcc,true,0.0657057641957664
mcc,true,0.0164878496303045
mcc,true,0.0658919302411251
mcc,true,0.0314508415140153
mcc,true,0.0549668410190775
mcc,true,0.0833684376518992
mcc,true,0.0877731674739788
mcc,true,0.0873389029217011
mcc,true,0.094028409836011
mcc,true,0.0829202449227807
mcc,true,0.0607000292586631
mcc,true,0.0506447037838064
mcc,true,0.0574081657049068
mcc,true,0.0548759970940543
mcc,true,0.058631629843586
mcc,true,0.1194759678237909
mcc,true,0.06843501082739
mcc,true,0.0835581611497769
mcc,true,0.0425494937528787
mcc,true,0.0787836199245076
mcc,true,0.0418754256652339
mcc,true,0.0492262328569901
mcc,true,0.0472377600394727
mcc,true,0.0625815003189974
mcc,true,0.0605880310113994
mcc,true,0.0625030856496443
mcc,true,0.0946660546199311
mcc,true,0.0897431277301112
mcc,true,0.1300408055445371
mcc,true,0.0446842678892302
mcc,true,0.0524803282504405
mcc,true,0.0439397004739617
mcc,true,0.0555859088270279
mcc,true,0.03358539683826
mcc,true,0.0473562511787113
mcc,true,0.0754461145530803
mcc,true,0.0561729134574335
mcc,true,0.0636777444776029
mcc,true,0.0764378321330328
mcc,true,0.0707673546852808
mcc,true,0.0886271269944291
mcc,true,0.0746590734920372
mcc,true,0.0721122324544777
mcc,true,0.0757762987282505
mcc,true,0.0276513831032222
mcc,true,0.1143337997965489
mcc,true,0.1128100106354368
mcc,permuted,0.015314265151796
mcc,permuted,-0.0191053509626063
mcc,permuted,0.0542968297878618
mcc,permuted,0.0244019095659745
mcc,permuted,0.0308799016509834
mcc,permuted,-0.0231160259333236
mcc,permuted,0.0019379695049417
mcc,permuted,-0.0095407937237846
mcc,permuted,0.0130254480414744
mcc,permuted,0.0347098749965464
mcc,permuted,0.0840442199706575
mcc,permuted,0.0235553357092647
mcc,permuted,-0.0300721166785185
mcc,permuted,-0.0399383380482939
mcc,permuted,0.0282229260305806
mcc,permuted,-0.0208004088515498
mcc,permuted,0.0329849397440913
mcc,permuted,0.0328537958290639
mcc,permuted,0.0380472347766302
mcc,permuted,0.0522015381853789
mcc,permuted,0.0228601866937962
mcc,permuted,0.024058887848752
mcc,permuted,0.1257601307290873
mcc,permuted,-0.0287193889539855
mcc,permuted,-0.0313655523719136
mcc,permuted,0.0083083441768643
mcc,permuted,-0.0014478089933171
mcc,permuted,-0.035679489488474
mcc,permuted,0.0084634304433036
mcc,permuted,-0.0242486324588598
mcc,permuted,0.0246432790151723
mcc,permuted,0.0123770135727981
mcc,permuted,0.011782840220246
mcc,permuted,-0.0251990934692848
mcc,permuted,-0.0706278627507993
mcc,permuted,0.0936377131494897
mcc,permuted,-0.0089062212084823
mcc,permuted,0.0183743739837516
mcc,permuted,-0.0033427326696443
mcc,permuted,0.014994506798589
mcc,permuted,0.0089135510348487
mcc,permuted,-0.055305777801016
mcc,permuted,-0.0118567315172201
mcc,permuted,-0.045989528277254
mcc,permuted,-0.0018740207268721
mcc,permuted,-0.0777350119976146
mcc,permuted,-0.0110168100545967
mcc,permuted,0.0012322776115191
mcc,permuted,-0.0054849922459112
mcc,permuted,0.0112930838584862
mcc,permuted,0.05107889514671
mcc,permuted,0.0075341200029781
mcc,permuted,-0.0473912294018501
mcc,permuted,0.0241788951999754
mcc,permuted,0.0661054576647264
mcc,permuted,0.0012991416438675
mcc,permuted,-0.0072302907560438
mcc,permuted,0.0074018688959372
mcc,permuted,0.0425454409097941
mcc,permuted,-0.0567764655144212
mcc,permuted,-0.0001451048536997
mcc,permuted,0.0102823280217295
mcc,permuted,0.0105227450722419
mcc,permuted,0.0258931307469965
mcc,permuted,-0.0157044688072297
mcc,permuted,0.0773838660741883
mcc,permuted,0.0205583343680285
mcc,permuted,0.0345721193394209
mcc,permuted,0.032302541356936
mcc,permuted,0.0156569474205121
mcc,permuted,0.0734425638359961
mcc,permuted,0.048504845288875
mcc,permuted,-0.0336006324096143
mcc,permuted,-0.0203266854590212
mcc,permuted,-0.0431378357874531
mcc,permuted,-0.0247447003707207
mcc,permuted,0.0172933693591504
mcc,permuted,0.0326394991166682
mcc,permuted,0.0829208981685392
mcc,permuted,-0.0166510268664761
mcc,permuted,0.0459909464432294
mcc,permuted,-0.0527259058664638
mcc,permuted,-0.0232686488589292
mcc,permuted,-0.0240535125354378
mcc,permuted,0.0554268375114503
mcc,permuted,-0.0340427774583865
mcc,permuted,-0.0155089038581763
mcc,permuted,0.0002906305875934
mcc,permuted,0.0223764064566855
mcc,permuted,-0.0109020952966191
mcc,permuted,0.0233581680560635
mcc,permuted,-0.0723221759950751
mcc,permuted,0.0468253745073361
mcc,permuted,0.0824986524319738
mcc,permuted,0.0030743925456582
mcc,permuted,0.0013079174612939
mcc,permuted,-0.0840701671531496
mcc,permuted,-0.0139162257683576
mcc,permuted,-0.0387644590680648
mcc,permuted,0.0358955171475598
mcc,permuted,0.0134730490370473
mcc,permuted,-0.0249233952923236
mcc,permuted,-0.0039137837125753
mcc,permuted,0.0023780745182351
mcc,permuted,-0.0213009441555711
mcc,permuted,0.0085005967823039
mcc,permuted,0.0403343811898631
mcc,permuted,0.0553559066341997
mcc,permuted,0.0253879276524877
mcc,permuted,0.0057633722598714
mcc,permuted,0.0521441484506531
mcc,permuted,0.04664199900787
mcc,permuted,0.0152660971522568
mcc,permuted,0.0196945520550064
mcc,permuted,-0.0188439140288728
mcc,permuted,-0.0536232284289916
mcc,permuted,0.0258293726078527
mcc,permuted,0.0285076017351726
mcc,permuted,0.0009667481108792
mcc,permuted,0.0535759987818606
mcc,permuted,-0.0137275230571511
mcc,permuted,-0.0063169397935396
mcc,permuted,-0.001426849629758
mcc,permuted,0.0019732695073012
mcc,permuted,0.0401449157982754
mcc,permuted,-0.0444335281851346
mcc,permuted,-0.0454652021311942
mcc,permuted,-0.0589157489564129
mcc,permuted,-0.0432042157850468
mcc,permuted,0.0131143286146493
mcc,permuted,0.0230923313214597
mcc,permuted,-0.059740419409279
mcc,permuted,-0.0148984548660465
mcc,permuted,0.0308376001784476
mcc,permuted,-0.0199219031062531
mcc,permuted,0.0270369523987549
mcc,permuted,-0.0052363817889295
mcc,permuted,0.0011565382187378
mcc,permuted,0.0171044582889077
mcc,permuted,0.0123024164885843
mcc,permuted,-0.0232304060914065
mcc,permuted,-0.0168689541197759
mcc,permuted,-0.0377405054872611
mcc,permuted,0.0928477752545995
mcc,permuted,-0.0292378934878188
mcc,permuted,0.005894040857603
mcc,permuted,0.0219227620503862
mcc,permuted,-0.0163395842931872
mcc,permuted,-0.0226653723807789
mcc,permuted,0.0235826811800418
mcc,permuted,0.0168343927302817
mcc,permuted,-0.0272824990443201
mcc,permuted,-0.0397783507695659
mcc,permuted,0.0129342167532767
mcc,permuted,-0.0507132803652127
mcc,permuted,-0.0109278875896652
mcc,permuted,-0.0350526668176534
mcc,permuted,0.0516281727709346
mcc,permuted,-0.0208509769311483
mcc,permuted,-0.0164759672603733
mcc,permuted,0.002695590814849
mcc,permuted,0.0197900369732336
mcc,permuted,-0.0544713001431872
mcc,permuted,0.0108615250367922
mcc,permuted,0.0527178278771166
mcc,permuted,-0.0240621376037271
mcc,permuted,0.1076320355483498
mcc,permuted,-0.0239871581124023
mcc,permuted,0.0511309394938149
mcc,permuted,-0.0169219596452066
mcc,permuted,-0.0257488167537536
mcc,permuted,-0.0230859391239408
mcc,permuted,0.0205212503072658
mcc,permuted,-0.0229457395635598
mcc,permuted,0.0056356137238397
mcc,permuted,-0.0139877600151857
mcc,permuted,0.0796394943763741
mcc,permuted,-0.0199347625043887
mcc,permuted,-0.0348222569459947
mcc,permuted,-0.0002746875977259
mcc,permuted,-0.0148924668717099
mcc,permuted,0.0119260445543015
mcc,permuted,-0.0126530851964373
mcc,permuted,-0.0064397838167751
mcc,permuted,0.0501048877173414
mcc,permuted,0.0112205323117683
mcc,permuted,0.0155732380198759
mcc,permuted,-0.0466012273334935
mcc,permuted,0.0138573681910272
mcc,permuted,-0.0169462509817987
mcc,permuted,0.0157362833536223
mcc,permuted,0.0052427971558844
mcc,permuted,-0.0003132778575736
mcc,permuted,-0.081795494039486
mcc,permuted,0.0533954225307662
mcc,permuted,0.0396180900022138
mcc,permuted,-0.0185047618662984
mcc,permuted,-0.0003526756728183
mcc,permuted,0.0198367210323102
mcc,permuted,-0.0156123641479463
mcc,permuted,0.0829239209692589
mcc,permuted,0.0565175867363741
mcc,permuted,-0.0522958177733079
mcc,permuted,-0.0058550231327318
mcc,permuted,-0.0675279259307415
mcc,permuted,-0.0171844146317641
mcc,permuted,-0.0266608359463502
mcc,permuted,-0.0400779440791819
mcc,permuted,-0.0304021172066674
mcc,permuted,-0.0424929380962312
mcc,permuted,0.0046964453547246
mcc,permuted,-0.0036643634678678
mcc,permuted,0.0146867641605309
mcc,permuted,0.0416131525449421
mcc,permuted,0.0425297017502243
mcc,permuted,-0.0120022517609823
mcc,permuted,0.0235170045971221
mcc,permuted,-0.0409794432063837
mcc,permuted,-0.0715615429434133
mcc,permuted,0.0132267792012774
mcc,permuted,-0.0355760407374932
mcc,permuted,0.0144177101983627
mcc,permuted,0.0074931172472305
mcc,permuted,0.0129573537434024
mcc,permuted,0.025475250269827
mcc,permuted,-0.0592115324170913
mcc,permuted,0.0423313458658511
mcc,permuted,0.0721118772072267
mcc,permuted,-0.0323827508544878
mcc,permuted,-0.0439052287138651
mcc,permuted,0.0140082707947219
mcc,permuted,-0.0094801264881709
mcc,permuted,0.02177546303473
mcc,permuted,0.0301755511328027
mcc,permuted,-0.0438906990784569
mcc,permuted,-0.0438499730925052
mcc,permuted,-0.0033891426732033
mcc,permuted,0.0004482764979362
mcc,permuted,-0.0078107456600557
mcc,permuted,0.0323351239710192
mcc,permuted,-0.031130853443416
mcc,permuted,-0.051061662171729
mcc,permuted,-0.0760576592383751
mcc,permuted,0.040855154101715
mcc,permuted,-0.0499055317267489
mcc,permuted,-0.0528132475311818
mcc,permuted,-0.0252211343753984
mcc,permuted,-0.0160501548785556
mcc,permuted,0.0398814244843301
mcc,permuted,0.026414563350525
mcc,permuted,-0.013457979752541
mcc,permuted,0.051800526976508
mcc,permuted,-0.044147565584416
mcc,permuted,0.0230301939454621
mcc,permuted,0.0264451153731913
mcc,permuted,-0.0567809027340357
mcc,permuted,-0.0213330114607634
mcc,permuted,-0.0096945042156269
mcc,permuted,-0.0075210481293832
mcc,permuted,-0.0182312910699707
mcc,permuted,0.0052685329972905
mcc,permuted,-0.02064122795805
mcc,permuted,0.0288496562067772
mcc,permuted,-0.0440305223564318
mcc,permuted,0.0101016286700279
mcc,permuted,0.0034851608957283
mcc,permuted,0.0101994259228281
mcc,permuted,-0.1142469375121258
mcc,permuted,0.08435381861056
mcc,permuted,0.0316699816674731
mcc,permuted,0.0014540401130546
mcc,permuted,-0.0287144904465018
mcc,permuted,-0.0284152105292753
mcc,permuted,-0.0659125874721022
mcc,permuted,0.0622664679716365
mcc,permuted,-0.0288411334372922
mcc,permuted,0.002764102636024
mcc,permuted,0.0109195987303946
mcc,permuted,0.0019737296981247
mcc,permuted,-0.0243308551693092
mcc,permuted,0.0166261806003498
mcc,permuted,0.0144509343010106
mcc,permuted,-0.0356407314318063
mcc,permuted,0.0018389271855652
mcc,permuted,0.0162213704494606
mcc,permuted,0.0264713051251369
mcc,permuted,-0.003160492777146
mcc,permuted,0.0564146682195345
mcc,permuted,-0.0365246445839101
mcc,permuted,0.0109260854271114
mcc,permuted,0.0264333772979441
mcc,permuted,-0.0452789177524554
mcc,permuted,-0.056927727044431
mcc,permuted,-0.0358438837879628
mcc,permuted,0.0026990743243144
mcc,permuted,-0.0575782251248958
mcc,permuted,0.0298533591685456
mcc,permuted,0.0038607269776307
mcc,permuted,-0.0198229902102186
mcc,permuted,-0.0170077385047129
mcc,permuted,-0.0228697090450147
mcc,permuted,0.0230508993269055
mcc,permuted,-0.0185143785334217
mcc,permuted,0.0319416538259787
mcc,permuted,0.0222603422352665
mcc,permuted,0.0385510751183006
mcc,permuted,-0.0415228153847758
mcc,permuted,-0.0539153242323922
mcc,permuted,0.0408021323746234
mcc,permuted,0.0305861896931225
mcc,permuted,0.0127474183477796
mcc,permuted,-0.0404513628649448
mcc,permuted,0.0165245699705933
mcc,permuted,0.0337557399838422
mcc,permuted,0.0128289305285606
mcc,permuted,-0.0018029719663216
mcc,permuted,-0.0347424399663951
mcc,permuted,-0.0346932702677155
mcc,permuted,-0.0131608928048333
mcc,permuted,-0.0893889470916984
mcc,permuted,0.030522873363814
mcc,permuted,-0.0152336296058594
mcc,permuted,-0.0065226922234104
mcc,permuted,0.0001742009423169
mcc,permuted,0.0084299262964821
mcc,permuted,0.0283746141682715
mcc,permuted,-0.0136093088964631
mcc,permuted,-0.000905034080755
mcc,permuted,0.0086844245509596
mcc,permuted,-0.0076798049897424
mcc,permuted,-0.0128241982734241
mcc,permuted,0.0610159403410227
mcc,permuted,0.0088753407475285
mcc,permuted,0.0222873896435621
mcc,permuted,-0.0360799374751658
mcc,permuted,0.0496024664324417
mcc,permuted,-0.0087148859821379
mcc,permuted,-0.0094880285727581
mcc,permuted,0.0155566057374084
mcc,permuted,0.0289577874722257
mcc,permuted,0.0287196225991119
mcc,permuted,-0.0085108595199786
mcc,permuted,-0.0133966434445188
mcc,permuted,0.0200929806412831
mcc,permuted,0.020215317055185
mcc,permuted,-0.0769418258676906
mcc,permuted,-0.0433735037194277
mcc,permuted,-0.0458462063110022
mcc,permuted,0.0179398348651256
mcc,permuted,-0.0220936008284579
mcc,permuted,0.0295669461638171
mcc,permuted,-0.011004891393512
mcc,permuted,-0.0254609193512784
mcc,permuted,0.0107749151406734
mcc,permuted,-0.0139456208427373
mcc,permuted,-0.0084631227985947
mcc,permuted,-0.0213309104298636
mcc,permuted,0.0019981202792917
mcc,permuted,0.0200204659535593
mcc,permuted,-0.023402913548527
mcc,permuted,-0.0068371957778207
mcc,permuted,-0.0085547069440558
mcc,permuted,0.0252080295893094
mcc,permuted,0.1041626524281813
mcc,permuted,0.0051331271163512
mcc,permuted,0.0572555083458415
mcc,permuted,-0.0062335357076018
mcc,permuted,0.0400406327416165
mcc,permuted,-0.0707398257794001
mcc,permuted,0.1146486104383841
mcc,permuted,-0.0447277168997629
mcc,permuted,-0.0161332265936463
mcc,permuted,-0.0025030821161495
mcc,permuted,0.0446070515291969
mcc,permuted,-0.0477655591711166
mcc,permuted,0.0213952160626544
mcc,permuted,0.0489442327882303
mcc,permuted,-0.0693102683694326
mcc,permuted,0.0001835058064794
mcc,permuted,-0.0335883782477859
mcc,permuted,-0.0090756821402846
mcc,permuted,0.0589214078589086
mcc,permuted,0.0085604003104766
mcc,permuted,0.0252438215769492
mcc,permuted,0.0627044293570062
mcc,permuted,0.0149869104139094
mcc,permuted,-0.0061098091686526
mcc,permuted,-0.0455455129735017
mcc,permuted,-0.0721629198923601
mcc,permuted,0.0393873197240058
mcc,permuted,-0.0614472293012254
mcc,permuted,-0.0192405936640175
mcc,permuted,0.0188153531609564
mcc,permuted,0.0226765472515513
mcc,permuted,-0.0311236260615206
mcc,permuted,0.015429739358824
mcc,permuted,0.0001612937553025
mcc,permuted,0.0671575001975695
mcc,permuted,0.0409959607636813
mcc,permuted,0.0279463140594586
mcc,permuted,0.0183520150580889
mcc,permuted,-0.0189802375559022
mcc,permuted,-0.0661219504394242
mcc,permuted,-0.0583225903311248
mcc,permuted,-0.0456205330628462
mcc,permuted,0.0485290284067654
mcc,permuted,-0.0425130792777344
mcc,permuted,0.0472557895837689
mcc,permuted,0.0306480457925962
mcc,permuted,0.0036223581235103
mcc,permuted,-0.005871670178248
mcc,permuted,-0.0215247718198237
mcc,permuted,0.0500802410500628
mcc,permuted,0.0550890270729164
mcc,permuted,-0.0047563070630192
mcc,permuted,-0.0227458560177392
mcc,permuted,0.0303917018849158
mcc,permuted,0.0119368473785337
mcc,permuted,-0.0794317356750816
mcc,permuted,0.0821445237828871
mcc,permuted,-0.0348288555174
mcc,permuted,-0.0469135087966903
mcc,permuted,-0.0027452310708947
mcc,permuted,-0.0193173907796872
mcc,permuted,-0.0210725272523603
mcc,permuted,-0.059228332614013
mcc,permuted,-0.0038198262713732
mcc,permuted,0.0075120438224724
mcc,permuted,0.0193056438336933
mcc,permuted,0.0578295700350772
mcc,permuted,-0.0029188757204676
mcc,permuted,0.016161601945265
mcc,permuted,0.0100262553665521
mcc,permuted,0.0222462977691872
mcc,permuted,0.0015354178607682
mcc,permuted,-0.0281375219382963
mcc,permuted,0.1007138678397258
mcc,permuted,-0.037837447489649
mcc,permuted,0.0503693729298821
mcc,permuted,0.0272255969080606
mcc,permuted,0.0542657183176744
mcc,permuted,-0.0214128080382743
mcc,permuted,-0.0319826085958543
mcc,permuted,-0.024585134345323
mcc,permuted,-0.0027796968599251
mcc,permuted,-0.020338877819902
mcc,permuted,-0.0342732245006555
mcc,permuted,-0.0565008596780716
mcc,permuted,0.0730643832146666
mcc,permuted,0.0325876631311564
mcc,permuted,-0.0858695485438081
mcc,permuted,0.0239748150267482
mcc,permuted,0.0144368687292973
mcc,permuted,-0.0195931003041533
mcc,permuted,-0.0115947710516105
mcc,permuted,-0.0455912872516957
mcc,permuted,0.0150435142466164
mcc,permuted,-0.0077595689757026
mcc,permuted,0.0066250561975773
mcc,permuted,0.0409537851514919
mcc,permuted,0.0029061375148518
mcc,permuted,0.0239159180022194
mcc,permuted,0.027319355483917
mcc,permuted,0.0519823916623913
mcc,permuted,-0.0187847770483872
mcc,permuted,0.0202882119742629
mcc,permuted,0.0340487011429134
mcc,permuted,-0.0168755477395262
mcc,permuted,0.0572435744246702
mcc,permuted,0.0159080260271871
mcc,permuted,-0.0191926412836864
mcc,permuted,0.0089373972838105
mcc,permuted,-0.0070413771976586
mcc,permuted,-0.0622473845084117
mcc,permuted,0.0161198319900874
mcc,permuted,0.0223012891578852
mcc,permuted,-0.0183712769465616
mcc,permuted,0.0832353511574782
mcc,permuted,-0.0429753016584562
mcc,permuted,-0.0469562216537548
mcc,permuted,-0.0129997670087345
mcc,permuted,0.0088491244411036
mcc,permuted,0.0004229445674744
mcc,permuted,0.0217814421153795
mcc,permuted,-0.0164871312720162
mcc,permuted,0.0321677883958691
mcc,permuted,0.0181439121814209
mcc,permuted,0.0037676939756304
mcc,permuted,0.0113752838665608
mcc,permuted,0.0215934390515401
mcc,permuted,0.0140092259127012
mcc,permuted,0.055741081395985
mcc,permuted,-0.0013327588294686
mcc,permuted,-0.0050291104067828
mcc,permuted,0.0487866569906913
mcc,permuted,-0.0137213830336989
mcc,permuted,0.0048960451777299
mcc,permuted,0.0292106100405391
mcc,permuted,-0.0334425182026389
mcc,permuted,-0.0062875818377739
auprc,true,0.6732741496598641
auprc,true,0.6713340960626674
auprc,true,0.6800939978011407
auprc,true,0.6599880986738129
auprc,true,0.677695152202295
auprc,true,0.6684346629560916
auprc,true,0.6714715144643716
auprc,true,0.6593294303580017
auprc,true,0.6730374733731875
auprc,true,0.6498300556586271
auprc,true,0.6852935477221191
auprc,true,0.6774635092420807
auprc,true,0.665328612657184
auprc,true,0.6609515357658214
auprc,true,0.6696901223115509
auprc,true,0.6678781385281385
auprc,true,0.6549094482237339
auprc,true,0.6612043221328935
auprc,true,0.6619097574383289
auprc,true,0.6418793994365423
auprc,true,0.670166082594654
auprc,true,0.6656421150278293
auprc,true,0.6767870954442383
auprc,true,0.6617917680203393
auprc,true,0.6804176355390642
auprc,true,0.6583292585721158
auprc,true,0.6685072253143681
auprc,true,0.6797621658764516
auprc,true,0.6741419363705078
auprc,true,0.6592299800728372
auprc,true,0.6679964337250053
auprc,true,0.678184250669965
auprc,true,0.668450628736343
auprc,true,0.6831158386586956
auprc,true,0.6632468906754622
auprc,true,0.6644201676630248
auprc,true,0.6664160138802996
auprc,true,0.6635552806981377
auprc,true,0.6737867587439016
auprc,true,0.6767912457912458
auprc,true,0.6518177729677729
auprc,true,0.6651316017316018
auprc,true,0.6716110149110148
auprc,true,0.6750505325362468
auprc,true,0.6667008177008177
auprc,true,0.6592692949907235
auprc,true,0.6638126674912389
auprc,true,0.6613875523946952
auprc,true,0.6571659863945579
auprc,true,0.6795974747474747
auprc,true,0.6590213426784857
auprc,true,0.6664280629423487
auprc,true,0.6821273276987563
auprc,true,0.6603318628461485
auprc,true,0.649142094413523
auprc,true,0.6697180306466021
auprc,true,0.6516466776609634
auprc,true,0.6737523156737444
auprc,true,0.6610869648869647
auprc,true,0.6561080533223391
auprc,true,0.6753258434687005
auprc,true,0.6677864529650243
auprc,true,0.6843676149247577
auprc,true,0.6592191232048376
auprc,true,0.6567368171511028
auprc,true,0.6515952037380609
auprc,true,0.6562195457981171
auprc,true,0.6658300281728852
auprc,true,0.659630165601594
auprc,true,0.6700505084862227
auprc,true,0.6777450731807875
auprc,true,0.6710809180237751
auprc,true,0.6613897031539888
auprc,true,0.6668351954923384
auprc,true,0.6572251150965437
auprc,true,0.6587332474403902
auprc,true,0.6524291623720194
auprc,true,0.67488902288188
auprc,true,0.6684902734831307
auprc,true,0.6660785164570878
auprc,true,0.6832535353535353
auprc,true,0.6737003676217962
auprc,true,0.6558073936645366
auprc,true,0.6756295437366866
auprc,true,0.6595725280010993
auprc,true,0.6607747199890057
auprc,true,0.6658466982752698
auprc,true,0.6491320140177282
auprc,true,0.6629700989486702
auprc,true,0.6631156943585516
auprc,true,0.6538624407338692
auprc,true,0.677379316979317
auprc,true,0.6593645227788084
auprc,true,0.6785405311619598
auprc,true,0.6610852126709269
auprc,true,0.6508362880505739
auprc,true,0.6637960214388785
auprc,true,0.6429994537208824
auprc,true,0.6669622689479832
auprc,true,0.6880893492750635
auprc,permuted,0.628705105476534
auprc,permuted,0.6095279839208411
auprc,permuted,0.6376213358070502
auprc,permuted,0.6279174981103554
auprc,permuted,0.6267466982752697
auprc,permuted,0.6175423349137634
auprc,permuted,0.6161390331890332
auprc,permuted,0.6191154401154401
auprc,permuted,0.6402420119562977
auprc,permuted,0.6352449357520786
auprc,permuted,0.6478222840651411
auprc,permuted,0.6354956984814127
auprc,permuted,0.6240914072699786
auprc,permuted,0.6198030165601593
auprc,permuted,0.6187962825534253
auprc,permuted,0.6145096818525391
auprc,permuted,0.6528115989830275
auprc,permuted,0.6421482580911152
auprc,permuted,0.6240587232872946
auprc,permuted,0.631706685906686
auprc,permuted,0.6108422387136673
auprc,permuted,0.6404904658833229
auprc,permuted,0.6734815982958839
auprc,permuted,0.6084679000893286
auprc,permuted,0.6041099051741909
auprc,permuted,0.6240876829519687
auprc,permuted,0.6208043702329417
auprc,permuted,0.6152561705490277
auprc,permuted,0.6368124544767403
auprc,permuted,0.6182754998969285
auprc,permuted,0.6370363395863395
auprc,permuted,0.6254360166288736
auprc,permuted,0.6270333917405346
auprc,permuted,0.60768231292517
auprc,permuted,0.5956465436679723
auprc,permuted,0.6526965058750772
auprc,permuted,0.6105028688242974
auprc,permuted,0.6265631141345427
auprc,permuted,0.6306333917405347
auprc,permuted,0.6340827664399092
auprc,permuted,0.6272769909984195
auprc,permuted,0.6074036624750911
auprc,permuted,0.6094323094894523
auprc,permuted,0.6151025802240087
auprc,permuted,0.6409073524359238
auprc,permuted,0.6013737167594311
auprc,permuted,0.6115681234109805
auprc,permuted,0.6228070122998695
auprc,permuted,0.626090613619185
auprc,permuted,0.6407285164570878
auprc,permuted,0.6288087885659315
auprc,permuted,0.6117010101010102
auprc,permuted,0.606808005222291
auprc,permuted,0.6237135504706932
auprc,permuted,0.6632071462928604
auprc,permuted,0.631779797979798
auprc,permuted,0.6188904383975812
auprc,permuted,0.6073695217480932
auprc,permuted,0.6487676698962412
auprc,permuted,0.5999901394901395
auprc,permuted,0.621526307290593
auprc,permuted,0.6252761664261665
auprc,permuted,0.6196741771456058
auprc,permuted,0.6156928880643165
auprc,permuted,0.6239400123685838
auprc,permuted,0.6548918573490002
auprc,permuted,0.6373093760736619
auprc,permuted,0.620481426509998
auprc,permuted,0.6195415309558167
auprc,permuted,0.6168316017316017
auprc,permuted,0.6509065244279528
auprc,permuted,0.6489100803957947
auprc,permuted,0.6051675324675324
auprc,permuted,0.62592296433725
auprc,permuted,0.6069426200783343
auprc,permuted,0.6035051467051467
auprc,permuted,0.6113106816463958
auprc,permuted,0.647737985295128
auprc,permuted,0.6297739916168488
auprc,permuted,0.6050540163540163
auprc,permuted,0.6371416683845255
auprc,permuted,0.5936033841819555
auprc,permuted,0.6138939016010444
auprc,permuted,0.6227378306878306
auprc,permuted,0.6631734522091665
auprc,permuted,0.6004715282072425
auprc,permuted,0.6030310107881535
auprc,permuted,0.6180226242011957
auprc,permuted,0.6191356867999726
auprc,permuted,0.6137060880918024
auprc,permuted,0.6292640623926339
auprc,permuted,0.5933712464783893
auprc,permuted,0.6588460076960077
auprc,permuted,0.6616632103346388
auprc,permuted,0.6198348141276713
auprc,permuted,0.6302010650724936
auprc,permuted,0.6039108740465884
auprc,permuted,0.6213051776266062
auprc,permuted,0.6122774754346182
auprc,permuted,0.6358246478389336
auprc,permuted,0.6216429155500584
auprc,permuted,0.6227253796468082
auprc,permuted,0.6125361540575825
auprc,permuted,0.602232979454408
auprc,permuted,0.6047226826083967
auprc,permuted,0.6253658695801552
auprc,permuted,0.6370337353123067
auprc,permuted,0.6368891637463067
auprc,permuted,0.635755376898234
auprc,permuted,0.6418938225795369
auprc,permuted,0.6303913935271078
auprc,permuted,0.6332657424585995
auprc,permuted,0.6082808871023158
auprc,permuted,0.6140195457981172
auprc,permuted,0.6021821102178245
auprc,permuted,0.5968282793925651
auprc,permuted,0.6335500515357658
auprc,permuted,0.6351589775304062
auprc,permuted,0.6342774788703359
auprc,permuted,0.6433708307565449
auprc,permuted,0.61208421287707
auprc,permuted,0.6246612176183605
auprc,permuted,0.6242760427403283
auprc,permuted,0.6331126606198035
auprc,permuted,0.6491148560434274
auprc,permuted,0.6157194186765615
auprc,permuted,0.6159892702535559
auprc,permuted,0.5926760530474817
auprc,permuted,0.6042478320621179
auprc,permuted,0.6271916683845257
auprc,permuted,0.6443265890194461
auprc,permuted,0.6128977255548685
auprc,permuted,0.6126751563251562
auprc,permuted,0.629972830344259
auprc,permuted,0.6248794200508487
auprc,permuted,0.6247434721363292
auprc,permuted,0.6133589981447124
auprc,permuted,0.62846795849653
auprc,permuted,0.6351938157081013
auprc,permuted,0.6345324263038549
auprc,permuted,0.6018298117226689
auprc,permuted,0.5959893870679586
auprc,permuted,0.6149306294234865
auprc,permuted,0.6618549508692366
auprc,permuted,0.5968463031677318
auprc,permuted,0.6231977152477153
auprc,permuted,0.6496539682539682
auprc,permuted,0.6265981344052773
auprc,permuted,0.6157332199546485
auprc,permuted,0.6315759121830551
auprc,permuted,0.6328463650106506
auprc,permuted,0.63590372431801
auprc,permuted,0.5994120902906618
auprc,permuted,0.6373201745344604
auprc,permuted,0.598896399367828
auprc,permuted,0.629133931148217
auprc,permuted,0.6108746272246272
auprc,permuted,0.6499011406582836
auprc,permuted,0.6152262179619322
auprc,permuted,0.6367065862708721
auprc,permuted,0.6165274238988525
auprc,permuted,0.6363325018896447
auprc,permuted,0.5975511200439771
auprc,permuted,0.6430003263931835
auprc,permuted,0.6327781110423969
auprc,permuted,0.6052218511647084
auprc,permuted,0.6683454304954304
auprc,permuted,0.6100903525046382
auprc,permuted,0.6513500446643304
auprc,permuted,0.6119816017316017
auprc,permuted,0.6063671648457363
auprc,permuted,0.6152072871572871
auprc,permuted,0.6368810898096612
auprc,permuted,0.6129919741634027
auprc,permuted,0.6314974610046038
auprc,permuted,0.6235891981034838
auprc,permuted,0.6543973785473786
auprc,permuted,0.6151311997526283
auprc,permuted,0.5944615027829313
auprc,permuted,0.6364760255617398
auprc,permuted,0.6130377757163471
auprc,permuted,0.6220890297533154
auprc,permuted,0.6016709406995121
auprc,permuted,0.6149307702879132
auprc,permuted,0.6645049474335187
auprc,permuted,0.6283123788909503
auprc,permuted,0.6164380574452004
auprc,permuted,0.6076147598433312
auprc,permuted,0.6112486944272658
auprc,permuted,0.6190513433656292
auprc,permuted,0.6303466604823746
auprc,permuted,0.6261909778052636
auprc,permuted,0.6315142788428502
auprc,permuted,0.6075057273414417
auprc,permuted,0.6461168075310932
auprc,permuted,0.641839122517694
auprc,permuted,0.605322545179688
auprc,permuted,0.6291453171167457
auprc,permuted,0.628443674843675
auprc,permuted,0.6207565209922353
auprc,permuted,0.6522748883391741
auprc,permuted,0.6440832646189788
auprc,permuted,0.6131890400604687
auprc,permuted,0.6118264206692777
auprc,permuted,0.5969749982821411
auprc,permuted,0.6327731910946195
auprc,permuted,0.6171301518587232
auprc,permuted,0.6081480622552051
auprc,permuted,0.611989184360613
auprc,permuted,0.6089504947433519
auprc,permuted,0.6288529925101353
auprc,permuted,0.6042766852195426
auprc,permuted,0.6166592901807187
auprc,permuted,0.6440532020889164
auprc,permuted,0.6271510513296227
auprc,permuted,0.6178750773036488
auprc,permuted,0.6219267642410499
auprc,permuted,0.6154228337799766
auprc,permuted,0.6108780801209371
auprc,permuted,0.6270057513914656
auprc,permuted,0.6150428262213976
auprc,permuted,0.6237358173572459
auprc,permuted,0.610156400742115
auprc,permuted,0.6378216415859272
auprc,permuted,0.6406156084656084
auprc,permuted,0.6047891809248952
auprc,permuted,0.6323633408919122
auprc,permuted,0.6569290318147462
auprc,permuted,0.6137276197347625
auprc,permuted,0.599511234796949
auprc,permuted,0.6153978148835291
auprc,permuted,0.6293442005084863
auprc,permuted,0.6298295299938157
auprc,permuted,0.6198791417577132
auprc,permuted,0.6106250979179549
auprc,permuted,0.6076307084449942
auprc,permuted,0.6359152752009897
auprc,permuted,0.6324330516044802
auprc,permuted,0.6349517075517076
auprc,permuted,0.6358633855562427
auprc,permuted,0.6160215075929362
auprc,permuted,0.6235473579330721
auprc,permuted,0.5966999072356215
auprc,permuted,0.6259823816395245
auprc,permuted,0.6045348828420257
auprc,permuted,0.6040246444032159
auprc,permuted,0.6241613928399643
auprc,permuted,0.6103325121967978
auprc,permuted,0.6454325706039992
auprc,permuted,0.6392392530749672
auprc,permuted,0.6225621933621934
auprc,permuted,0.6394139558853845
auprc,permuted,0.6102970658970659
auprc,permuted,0.6446505256648114
auprc,permuted,0.6429587748230605
auprc,permuted,0.5915293307221879
auprc,permuted,0.6219100219885932
auprc,permuted,0.6092870885728029
auprc,permuted,0.6057057754414897
auprc,permuted,0.6047233663162235
auprc,permuted,0.6429104411461555
auprc,permuted,0.6125647048718477
auprc,permuted,0.6283722531436817
auprc,permuted,0.5984302961588676
auprc,permuted,0.61666951144094
auprc,permuted,0.6386292585721157
auprc,permuted,0.6186396859754002
auprc,permuted,0.5874243008314436
auprc,permuted,0.6370655534941249
auprc,permuted,0.6263499415927986
auprc,permuted,0.6255563526420669
auprc,permuted,0.6118355253212396
auprc,permuted,0.6000379234522091
auprc,permuted,0.6087606094963238
auprc,permuted,0.6433315605029891
auprc,permuted,0.6177817116745689
auprc,permuted,0.6138338486909914
auprc,permuted,0.6216311310382738
auprc,permuted,0.6175300728372158
auprc,permuted,0.6105080567580567
auprc,permuted,0.6291733663162233
auprc,permuted,0.633384374355803
auprc,permuted,0.6079766336837765
auprc,permuted,0.6298704562633135
auprc,permuted,0.6299977049405621
auprc,permuted,0.6326330722187865
auprc,permuted,0.6160792207792207
auprc,permuted,0.6433498934927506
auprc,permuted,0.609274555074555
auprc,permuted,0.6447215556929843
auprc,permuted,0.6227140177283034
auprc,permuted,0.608006053734625
auprc,permuted,0.6069319934034221
auprc,permuted,0.6167394832680547
auprc,permuted,0.6375175943104514
auprc,permuted,0.599458077372363
auprc,permuted,0.6247758572115716
auprc,permuted,0.6283317735174878
auprc,permuted,0.6118812203669347
auprc,permuted,0.6129530062530062
auprc,permuted,0.6288882086167801
auprc,permuted,0.630890589569161
auprc,permuted,0.6200558956916099
auprc,permuted,0.6539697004054146
auprc,permuted,0.6300756098398955
auprc,permuted,0.6457183158111729
auprc,permuted,0.6148187796330654
auprc,permuted,0.5828761732976018
auprc,permuted,0.6439927815570672
auprc,permuted,0.6380144849859134
auprc,permuted,0.6339994399780114
auprc,permuted,0.5976060880918023
auprc,permuted,0.6338897890469317
auprc,permuted,0.6515026695526694
auprc,permuted,0.630092352092352
auprc,permuted,0.6268182642754071
auprc,permuted,0.5961774926132068
auprc,permuted,0.6068166185666186
auprc,permuted,0.6270412973270117
auprc,permuted,0.5954897753040611
auprc,permuted,0.6421636466707896
auprc,permuted,0.6026457156600014
auprc,permuted,0.6315312169312168
auprc,permuted,0.628802971895829
auprc,permuted,0.6212293307221879
auprc,permuted,0.6223890091390091
auprc,permuted,0.643504490483062
auprc,permuted,0.6321664124235552
auprc,permuted,0.620189442039442
auprc,permuted,0.6299997045282759
auprc,permuted,0.6213976396619254
auprc,permuted,0.643226726448155
auprc,permuted,0.6459939256510684
auprc,permuted,0.6213592833092834
auprc,permuted,0.6137905002405003
auprc,permuted,0.6470388957603243
auprc,permuted,0.6215968700611557
auprc,permuted,0.6260145330859614
auprc,permuted,0.624527764034907
auprc,permuted,0.6416643647357932
auprc,permuted,0.6346429773929774
auprc,permuted,0.6169866900295471
auprc,permuted,0.6285186422043565
auprc,permuted,0.6370864220435648
auprc,permuted,0.6339476224833369
auprc,permuted,0.60416632996633
auprc,permuted,0.5911712258640829
auprc,permuted,0.6148080498866213
auprc,permuted,0.6125398749398749
auprc,permuted,0.6116449357520787
auprc,permuted,0.6240449048306191
auprc,permuted,0.6282774857417714
auprc,permuted,0.6029321858036143
auprc,permuted,0.6279358551501408
auprc,permuted,0.6267836803408232
auprc,permuted,0.6186967395038825
auprc,permuted,0.6090895485466913
auprc,permuted,0.6278965642822784
auprc,permuted,0.6228113894042464
auprc,permuted,0.6109749123891981
auprc,permuted,0.6171026317597746
auprc,permuted,0.5978910877482306
auprc,permuted,0.6402575826290112
auprc,permuted,0.6766578471792757
auprc,permuted,0.5993081529581531
auprc,permuted,0.6408980966123824
auprc,permuted,0.6084148697862984
auprc,permuted,0.6395671236171236
auprc,permuted,0.6032203463203464
auprc,permuted,0.6741873634302205
auprc,permuted,0.5948866007008863
auprc,permuted,0.6140768226482511
auprc,permuted,0.6147729849515565
auprc,permuted,0.6275799422799423
auprc,permuted,0.6088772761629905
auprc,permuted,0.6179273345701919
auprc,permuted,0.6409037586751871
auprc,permuted,0.6108750669964956
auprc,permuted,0.6283618669690098
auprc,permuted,0.5922014258228543
auprc,permuted,0.6199748917748918
auprc,permuted,0.659760753796468
auprc,permuted,0.6364019824091253
auprc,permuted,0.6282666941524084
auprc,permuted,0.6301646361574933
auprc,permuted,0.6273475915618771
auprc,permuted,0.6160847900776472
auprc,permuted,0.608395361781076
auprc,permuted,0.6097246340960627
auprc,permuted,0.6289073764859479
auprc,permuted,0.5913953308596165
auprc,permuted,0.6243537724180581
auprc,permuted,0.6288894592180306
auprc,permuted,0.6331114581186009
auprc,permuted,0.6101871675943104
auprc,permuted,0.6305586202157631
auprc,permuted,0.6297982271696558
auprc,permuted,0.6478660894660894
auprc,permuted,0.6250073696145123
auprc,permuted,0.6355739503882362
auprc,permuted,0.6230973785473785
auprc,permuted,0.6298143235071805
auprc,permuted,0.6001852813852813
auprc,permuted,0.6140950491307634
auprc,permuted,0.6097933003504432
auprc,permuted,0.6289503263931836
auprc,permuted,0.602192403628118
auprc,permuted,0.6545707276850133
auprc,permuted,0.6137851748780321
auprc,permuted,0.6227925376211091
auprc,permuted,0.6222703257060398
auprc,permuted,0.6269987150415721
auprc,permuted,0.6325126812341096
auprc,permuted,0.6362454408025835
auprc,permuted,0.6355487047344189
auprc,permuted,0.6193287981859411
auprc,permuted,0.6458814058956915
auprc,permuted,0.644743351886209
auprc,permuted,0.5935367759224903
auprc,permuted,0.666888407888408
auprc,permuted,0.6041531608603037
auprc,permuted,0.5950859410430839
auprc,permuted,0.6291839826839827
auprc,permuted,0.6201744794887653
auprc,permuted,0.6093265512265512
auprc,permuted,0.6054083041297328
auprc,permuted,0.6420303305160447
auprc,permuted,0.6296811069882499
auprc,permuted,0.6377953068095926
auprc,permuted,0.6356036659108089
auprc,permuted,0.6222413419913418
auprc,permuted,0.6114751116608259
auprc,permuted,0.6179327114684257
auprc,permuted,0.6227996564282278
auprc,permuted,0.6262537346251632
auprc,permuted,0.5896829210472068
auprc,permuted,0.6604590428090429
auprc,permuted,0.5908080911152339
auprc,permuted,0.6379246272246272
auprc,permuted,0.6480997217068645
auprc,permuted,0.6418723046794477
auprc,permuted,0.6159615955473098
auprc,permuted,0.6134917061774204
auprc,permuted,0.6201111111111111
auprc,permuted,0.6153613035113034
auprc,permuted,0.6168253178038892
auprc,permuted,0.628386999244142
auprc,permuted,0.6209325156325155
auprc,permuted,0.6738904452690166
auprc,permuted,0.6385898577612863
auprc,permuted,0.5964947742733457
auprc,permuted,0.6362553768982342
auprc,permuted,0.640140008932866
auprc,permuted,0.6047357761286332
auprc,permuted,0.6075343468700611
auprc,permuted,0.5978926509997938
auprc,permuted,0.6327003985432555
auprc,permuted,0.6157142341785199
auprc,permuted,0.6066501339929912
auprc,permuted,0.6392383804026661
auprc,permuted,0.6223967841682126
auprc,permuted,0.6347839620696765
auprc,permuted,0.6378004741290457
auprc,permuted,0.627164134542706
auprc,permuted,0.6168187349687348
auprc,permuted,0.6233059506630936
auprc,permuted,0.6272622036693466
auprc,permuted,0.6226852264137978
auprc,permuted,0.6372573043358758
auprc,permuted,0.636735951350237
auprc,permuted,0.5994353500996359
auprc,permuted,0.6281336356764928
auprc,permuted,0.6071465745894318
auprc,permuted,0.5981307290593004
auprc,permuted,0.6217102659245517
auprc,permuted,0.6410166151309008
auprc,permuted,0.6090643613000757
auprc,permuted,0.6468191816120387
auprc,permuted,0.617078464921322
auprc,permuted,0.6134561602418744
auprc,permuted,0.6175059987631416
auprc,permuted,0.6205593863808149
auprc,permuted,0.6459245001030715
auprc,permuted,0.6253772005772006
auprc,permuted,0.6091409915481344
auprc,permuted,0.6272025115096543
auprc,permuted,0.6260505772005771
auprc,permuted,0.6203703188346044
auprc,permuted,0.61831578712293
auprc,permuted,0.6111152683295541
auprc,permuted,0.6213859719645433
auprc,permuted,0.6545485535628391
auprc,permuted,0.608114306328592
auprc,permuted,0.6205807977736549
auprc,permuted,0.6320749879749877
auprc,permuted,0.6252206039991753
auprc,permuted,0.6262453583453582
auprc,permuted,0.6401235209235209
auprc,permuted,0.6096778293135435
auprc,permuted,0.6165676939462653
