subject,task,probe_number,y_true_first,pred_proportion,n_runs,proba_mean,proba_std,confidence_first,y_pred_avg
3,Sart1,1,1,0.30927835051546393,97,0.5003887498037322,0.005026975285295856,84.0,1
3,Sart1,2,0,0.5979381443298969,97,0.5035047237602882,0.005980146759991769,62.0,1
3,Sart1,14,0,0.2268041237113402,97,0.49659470375932546,0.005939472635891179,56.0,0
3,Sart1,15,0,0.5463917525773195,97,0.5025089901893718,0.005263846511128185,58.0,1
3,Sart3,4,1,0.3711340206185567,97,0.5007268216298499,0.004539327552071587,68.0,1
3,Sart3,12,1,0.32989690721649484,97,0.5011111119665186,0.003863772968272138,72.0,1
3,Sart4,1,1,0.4536082474226804,97,0.5020081382793615,0.005220817582942684,72.0,1
3,Sart4,4,1,0.3711340206185567,97,0.5006459006871378,0.00418277383576365,71.0,1
3,Sart4,5,0,0.3917525773195876,97,0.5003188868982998,0.005105427491485952,58.0,1
3,Sart4,7,0,0.422680412371134,97,0.5003344378010763,0.005343405153439078,55.0,1
3,Sart4,8,1,0.41237113402061853,97,0.5020179126958386,0.0047244215660430045,70.0,1
3,Sart4,10,1,0.4020618556701031,97,0.5008618875148309,0.004891432496998595,68.0,1
3,Sart4,14,0,0.6907216494845361,97,0.504976493509436,0.005979625766698511,39.0,1
5,Sart1,1,0,1.0,97,0.7123245709936331,0.04031350932202309,45.0,1
5,Sart1,2,1,1.0,97,0.7105511365167869,0.04749935914252255,98.0,1
5,Sart1,3,1,1.0,97,0.6819293530526487,0.05607545280169689,98.0,1
5,Sart1,4,1,1.0,97,0.7092679014653633,0.04862077345528481,98.0,1
5,Sart1,5,1,1.0,97,0.6759172955347234,0.041272526362344,99.0,1
5,Sart1,6,1,1.0,97,0.7280266656267389,0.04632435946922082,100.0,1
5,Sart1,7,1,0.979381443298969,97,0.6019025116818364,0.05281397325180028,97.0,1
5,Sart1,8,1,0.9587628865979382,97,0.5954778967335232,0.05514367987841372,97.0,1
5,Sart1,9,0,1.0,97,0.6646494896124494,0.038213705011883,73.0,1
5,Sart1,10,0,0.7422680412371134,97,0.533831774397172,0.055980982851948344,23.0,1
5,Sart1,12,0,1.0,97,0.6458221892328471,0.04655830088827149,79.0,1
5,Sart1,13,1,1.0,97,0.6221782522434472,0.04801714803877088,95.0,1
5,Sart1,15,0,0.8556701030927835,97,0.5648028596590589,0.058729292576693445,75.0,1
5,Sart2,1,1,0.32989690721649484,97,0.48149641064443766,0.055331510360170894,91.0,0
5,Sart2,4,0,0.6391752577319587,97,0.5137912776589642,0.04988972449042429,69.0,1
5,Sart2,6,1,0.0,97,0.3291366633122556,0.04309318761377865,95.0,0
5,Sart2,7,0,0.0,97,0.33999346275801057,0.0527859618031986,28.0,0
5,Sart2,8,1,0.422680412371134,97,0.49482603139826803,0.05116606899432502,98.0,0
5,Sart2,9,0,0.27835051546391754,97,0.4801996989985911,0.040410518928429257,70.0,0
5,Sart2,10,0,0.41237113402061853,97,0.48374813514619064,0.05351795530705734,28.0,0
5,Sart2,12,1,0.07216494845360824,97,0.4358997441300992,0.04482716484355486,86.0,0
5,Sart2,14,1,0.8969072164948454,97,0.5712123855290031,0.05276715291318411,97.0,1
5,Sart2,15,1,0.1134020618556701,97,0.4297869351303019,0.05198344088261448,87.0,0
5,Sart3,1,1,0.979381443298969,97,0.5946531708036541,0.04575375802522304,98.0,1
5,Sart3,2,1,0.9896907216494846,97,0.5940576458917752,0.04553540974720433,91.0,1
5,Sart3,3,0,0.35051546391752575,97,0.48836770272914476,0.04211405262757938,79.0,0
5,Sart3,4,0,1.0,97,0.6287129818150853,0.04167463609827142,77.0,1
5,Sart3,5,1,0.9175257731958762,97,0.5660813564449111,0.047555842066610045,92.0,1
5,Sart3,6,0,0.010309278350515464,97,0.40987988204837544,0.05058213095357879,77.0,0
5,Sart3,7,0,0.21649484536082475,97,0.46506587384037923,0.047054285771841085,74.0,0
5,Sart3,8,1,0.041237113402061855,97,0.4227527066220908,0.04176256379358554,93.0,0
5,Sart3,9,1,0.4948453608247423,97,0.502871423476076,0.047580233036029713,97.0,1
5,Sart3,10,0,0.8762886597938144,97,0.5547093507831584,0.047283607966527925,72.0,1
5,Sart3,13,1,0.31958762886597936,97,0.48161351064252617,0.052303975940684415,91.0,0
5,Sart3,14,1,0.25773195876288657,97,0.4707935466816988,0.052006623463558305,89.0,0
5,Sart3,15,1,0.9896907216494846,97,0.6087385132434692,0.044959403909797864,94.0,1
5,Sart4,1,1,0.0,97,0.3415166026392437,0.05036280523278405,97.0,0
5,Sart4,2,0,0.05154639175257732,97,0.3980550586487709,0.050830533822551136,49.0,0
5,Sart4,3,0,0.041237113402061855,97,0.37641901473722955,0.06161995394526315,73.0,0
5,Sart4,5,1,0.0,97,0.29811206251637545,0.04659780429382964,94.0,0
5,Sart4,7,0,0.041237113402061855,97,0.41136146475144414,0.05404319514719283,79.0,0
5,Sart4,8,0,0.7628865979381443,97,0.5271494438056923,0.0407669973036717,47.0,1
5,Sart4,9,0,0.0,97,0.33158672149513074,0.041025379191828436,32.0,0
5,Sart4,14,0,0.0,97,0.34421473721640583,0.05705432072950493,59.0,0
5,Sart4,15,0,0.0,97,0.3522589221748427,0.05301963171497156,61.0,0
6,Sart1,1,0,0.9484536082474226,97,0.6212996992968793,0.08011561794996418,42.0,1
6,Sart1,2,0,0.6288659793814433,97,0.5304479419758082,0.06534747422360081,59.0,1
6,Sart1,5,1,0.0,97,0.32035325083388355,0.044024035339096095,70.0,0
6,Sart1,6,1,0.7216494845360825,97,0.5310980273551987,0.06371849812461924,72.0,1
6,Sart1,7,1,0.38144329896907214,97,0.4824432547825736,0.05704058151197336,77.0,0
6,Sart1,8,0,0.05154639175257732,97,0.4145512035365499,0.05627244013355802,33.0,0
6,Sart1,9,0,0.0,97,0.37710883297668457,0.05507336279461878,44.0,0
6,Sart1,11,1,0.24742268041237114,97,0.4706068225991477,0.0384436454126895,71.0,0
6,Sart1,12,0,0.020618556701030927,97,0.35949845672941877,0.06770392895429259,34.0,0
6,Sart1,13,0,0.36082474226804123,97,0.4632124790365659,0.06425320257031908,49.0,0
6,Sart1,14,1,0.020618556701030927,97,0.3780804655323025,0.05746491951451338,74.0,0
6,Sart1,15,0,0.17525773195876287,97,0.4484275467958677,0.04855780636241326,5.0,0
6,Sart2,1,0,1.0,97,0.6598302354647042,0.061321137408992386,45.0,1
6,Sart2,2,0,0.9484536082474226,97,0.598623948278261,0.06207783073143507,56.0,1
6,Sart2,4,1,0.6185567010309279,97,0.5065889847542695,0.06297366131069788,84.0,1
6,Sart2,5,1,0.6391752577319587,97,0.5056580230553075,0.06731702587120705,87.0,1
6,Sart2,8,0,0.0,97,0.3947838723546236,0.04329196355850256,51.0,0
6,Sart2,9,0,0.020618556701030927,97,0.42316337515979396,0.04501392551751352,16.0,0
6,Sart2,11,1,0.0,97,0.27960730197361705,0.0510508146476217,87.0,0
6,Sart2,12,0,0.7938144329896907,97,0.5354406410647904,0.044634945042805844,27.0,1
6,Sart2,15,0,0.20618556701030927,97,0.44914648682751057,0.061943181772364485,40.0,0
6,Sart3,1,1,0.7525773195876289,97,0.5483481678884523,0.06880158344169025,89.0,1
6,Sart3,2,1,0.8041237113402062,97,0.5661682606532609,0.07681127999566122,90.0,1
6,Sart3,3,1,0.9381443298969072,97,0.5955427924942995,0.060818270000870464,73.0,1
6,Sart3,4,0,1.0,97,0.6132128727334861,0.046457387464894515,42.0,1
6,Sart3,6,0,0.21649484536082475,97,0.45660702277880183,0.05266894792766276,43.0,0
6,Sart3,7,0,0.4639175257731959,97,0.4986695398671643,0.04992390475948987,28.0,0
6,Sart3,8,1,0.09278350515463918,97,0.440134053525469,0.04675310744971533,80.0,0
6,Sart3,9,1,0.6185567010309279,97,0.5219292144575393,0.04416054402802126,87.0,1
6,Sart3,10,1,0.845360824742268,97,0.5545934071855646,0.05170012257013346,81.0,1
6,Sart3,11,1,0.0,97,0.3633277635878808,0.04902972631453984,76.0,0
6,Sart3,13,0,0.7835051546391752,97,0.5598930734715432,0.08221657493812877,58.0,1
6,Sart3,14,0,0.3917525773195876,97,0.47437728737943335,0.0816149375479404,5.0,0
6,Sart4,2,1,0.5876288659793815,97,0.5156107878106742,0.05856074737245951,96.0,1
6,Sart4,3,1,0.020618556701030927,97,0.39511160157562225,0.0561154164279673,99.0,0
6,Sart4,6,0,0.24742268041237114,97,0.45377452909795923,0.06793012544895838,55.0,0
6,Sart4,7,0,0.4845360824742268,97,0.49226953053636274,0.04985399860417939,28.0,0
6,Sart4,8,0,0.9175257731958762,97,0.5797298723743536,0.05349972330507685,50.0,1
6,Sart4,11,0,0.8865979381443299,97,0.5450035655941158,0.035848794752842784,9.0,1
6,Sart4,12,1,0.35051546391752575,97,0.47670685421370185,0.061499686215714784,67.0,0
6,Sart4,13,0,1.0,97,0.6120630339547779,0.04165134184792993,57.0,1
6,Sart4,14,1,0.26804123711340205,97,0.46052054113137036,0.05496733584017488,83.0,0
6,Sart4,15,1,0.4639175257731959,97,0.4962301793274552,0.04363599816932176,73.0,0
8,Sart1,1,0,0.3402061855670103,97,0.46998092796990765,0.07101446376482937,72.0,0
8,Sart1,2,0,0.4639175257731959,97,0.49199726596365667,0.07438845053315579,38.0,0
8,Sart1,4,0,0.10309278350515463,97,0.4301713196398639,0.0596191369560668,74.0,0
8,Sart1,7,1,0.09278350515463918,97,0.4294806156724343,0.05581947884348783,89.0,0
8,Sart1,9,1,0.9690721649484536,97,0.6017146691655103,0.05780087203442563,87.0,1
8,Sart1,14,0,0.6391752577319587,97,0.5141414657809881,0.04436965125279449,74.0,1
8,Sart2,1,1,0.10309278350515463,97,0.44658976278889356,0.047231764063864305,89.0,0
8,Sart2,5,1,0.7422680412371134,97,0.5392828086066884,0.05724821963077896,84.0,1
8,Sart2,13,0,0.020618556701030927,97,0.4124875125764984,0.04773098702026775,79.0,0
8,Sart3,1,1,0.5876288659793815,97,0.5101162720359792,0.04697909052250999,87.0,1
8,Sart3,7,1,0.9278350515463918,97,0.5890060843965994,0.0628145684048805,90.0,1
8,Sart3,8,1,0.9484536082474226,97,0.6063672781127045,0.07582074837558288,96.0,1
8,Sart3,9,1,0.5567010309278351,97,0.5041177738426078,0.07360478273265443,87.0,1
8,Sart3,12,0,1.0,97,0.7052151374195157,0.06740204693635587,85.0,1
8,Sart3,13,0,1.0,97,0.6142364175516584,0.05051058764209745,70.0,1
8,Sart3,14,0,0.9896907216494846,97,0.6806384054542416,0.06359463095085872,69.0,1
8,Sart4,1,1,0.9896907216494846,97,0.6434732502472076,0.0724957141188032,92.0,1
8,Sart4,3,1,0.9896907216494846,97,0.6558840218377591,0.0641035844581817,82.0,1
8,Sart4,10,1,0.8350515463917526,97,0.554658750713337,0.0552347591012626,83.0,1
8,Sart4,11,1,0.8350515463917526,97,0.5585134144829348,0.06599289892676373,88.0,1
8,Sart4,15,1,0.5979381443298969,97,0.5134167758285393,0.05013411039460481,92.0,1
10,Sart1,1,0,0.0,97,0.19952238990673996,0.0417860562214811,67.0,0
10,Sart1,2,0,0.0,97,0.1916817091607243,0.05482939252589183,69.0,0
10,Sart1,7,1,0.979381443298969,97,0.5844315731461145,0.047051240100161186,84.0,1
10,Sart1,10,1,0.9896907216494846,97,0.5665537942632438,0.0334204056051625,85.0,1
10,Sart2,3,0,0.010309278350515464,97,0.391668716251516,0.0457505207631935,68.0,0
10,Sart2,6,1,0.9896907216494846,97,0.6051507202542389,0.04907135675105403,83.0,1
10,Sart2,7,0,0.6185567010309279,97,0.51780868351083,0.0518241838931332,72.0,1
10,Sart3,1,1,0.7525773195876289,97,0.5341483916697823,0.04902453994378218,83.0,1
10,Sart3,3,0,0.0,97,0.34065745744444553,0.041416087448633565,71.0,0
10,Sart3,7,0,0.7938144329896907,97,0.5461993993219462,0.0520881416503375,71.0,1
10,Sart3,10,1,1.0,97,0.7278341194710628,0.06478932547936335,88.0,1
10,Sart3,11,1,1.0,97,0.6883080168128082,0.05871921318725962,85.0,1
10,Sart3,13,1,0.9896907216494846,97,0.6060790582864499,0.050320613289509326,91.0,1
10,Sart3,14,1,1.0,97,0.7320504683022632,0.0633640665359194,88.0,1
10,Sart3,15,1,1.0,97,0.6790766166859116,0.04947809410551956,86.0,1
10,Sart4,1,1,0.9896907216494846,97,0.6552404860926258,0.07505888386442908,85.0,1
10,Sart4,9,0,1.0,97,0.7594272186616686,0.048550091432222144,70.0,1
10,Sart4,13,0,0.7422680412371134,97,0.5392860982136896,0.05975005426910935,71.0,1
10,Sart4,15,1,0.979381443298969,97,0.646483076489654,0.06642060904499233,88.0,1
12,Sart1,1,0,0.0,97,0.268526701472953,0.04113470637133517,52.0,0
12,Sart1,2,1,0.0,97,0.31384041097227483,0.03838520707788499,71.0,0
12,Sart1,3,0,0.0,97,0.2585940758343084,0.0426101959308197,56.0,0
12,Sart1,4,0,0.0,97,0.2704391287744752,0.0565175305548244,52.0,0
12,Sart1,5,0,0.010309278350515464,97,0.32335967116319136,0.06201002064540565,40.0,0
12,Sart1,7,1,0.979381443298969,97,0.6090366739060147,0.061305072365164394,76.0,1
12,Sart1,9,1,0.0,97,0.1989078978509935,0.040436147813549005,68.0,0
12,Sart1,10,0,0.0,97,0.24912844273720544,0.047241696652008176,22.0,0
12,Sart1,11,0,0.10309278350515463,97,0.4247813929846163,0.04812636379051609,21.0,0
12,Sart1,12,0,0.030927835051546393,97,0.37008275265256274,0.06654162345369016,15.0,0
12,Sart1,13,0,0.08247422680412371,97,0.4344361876549333,0.041943351682710114,13.0,0
12,Sart1,14,0,0.020618556701030927,97,0.4219213312482053,0.044462066995603636,27.0,0
12,Sart1,15,0,0.7216494845360825,97,0.5343405817660746,0.055913096798737995,70.0,1
12,Sart2,1,0,0.0,97,0.3733022146407434,0.03917477431347488,35.0,0
12,Sart2,2,0,0.0,97,0.24349809049757823,0.04209142215540571,39.0,0
12,Sart2,3,0,0.010309278350515464,97,0.3784034188261932,0.054302304269693666,57.0,0
12,Sart2,4,0,0.0,97,0.3494253644477924,0.0405000480836161,34.0,0
12,Sart2,6,1,1.0,97,0.6552071572803946,0.05561249028574162,74.0,1
12,Sart2,7,1,0.7628865979381443,97,0.5518692184828481,0.05524017990867426,67.0,1
12,Sart2,8,1,1.0,97,0.717367356429988,0.05717528858381636,77.0,1
12,Sart2,9,1,1.0,97,0.7235102363143648,0.04087407902319074,69.0,1
12,Sart2,10,0,1.0,97,0.7992169879185946,0.052330214046963856,63.0,1
12,Sart2,11,1,1.0,97,0.6683755760486164,0.04825880098326551,54.0,1
12,Sart2,12,1,1.0,97,0.6495783982837143,0.058643828656664315,69.0,1
12,Sart2,13,1,1.0,97,0.6932823973590952,0.0723026292821972,75.0,1
12,Sart2,15,1,0.6082474226804123,97,0.5133286635691587,0.04382469534325912,80.0,1
12,Sart3,1,1,0.8350515463917526,97,0.5617480589931824,0.059913721864950045,76.0,1
12,Sart3,2,1,0.6288659793814433,97,0.5190058839433604,0.052024310942991,79.0,1
12,Sart3,4,0,1.0,97,0.7155410735879946,0.04072267085616194,38.0,1
12,Sart3,6,1,0.9072164948453608,97,0.5923586529363725,0.0611561463652105,93.0,1
12,Sart3,8,1,0.6804123711340206,97,0.5175786554351787,0.051401734333442896,78.0,1
12,Sart3,9,1,0.4020618556701031,97,0.49085730997180876,0.04703491102674921,84.0,0
12,Sart3,10,1,0.44329896907216493,97,0.4952749496641623,0.05009985166564118,96.0,0
12,Sart3,11,0,0.8762886597938144,97,0.547491330654749,0.04679421283509163,64.0,1
12,Sart3,12,1,1.0,97,0.7113026680514263,0.0496276031959576,85.0,1
12,Sart3,14,0,1.0,97,0.7909044548563494,0.05245299284604671,80.0,1
12,Sart4,1,1,0.9896907216494846,97,0.6299149443873092,0.05560154128546986,90.0,1
14,Sart1,11,0,0.28865979381443296,97,0.4797751106889801,0.048284647463408124,78.0,0
14,Sart1,14,1,0.9278350515463918,97,0.5863532171163279,0.06910511781809012,87.0,1
14,Sart2,2,1,0.9587628865979382,97,0.6386859441089274,0.07417247334330208,87.0,1
14,Sart2,3,1,0.9278350515463918,97,0.5675890600591396,0.05094541918369703,95.0,1
14,Sart2,4,1,0.061855670103092786,97,0.38514901646290645,0.07164982889015066,82.0,0
14,Sart2,5,1,0.5876288659793815,97,0.5184065761580495,0.04956737682277512,95.0,1
14,Sart2,6,0,0.8969072164948454,97,0.5817703079795024,0.0650378453832028,62.0,1
14,Sart2,7,0,0.05154639175257732,97,0.4025840063814819,0.06566670971553158,40.0,0
14,Sart2,14,1,0.8556701030927835,97,0.5630073360472636,0.06014765400913189,79.0,1
14,Sart3,2,0,0.4845360824742268,97,0.48744695082547973,0.05310855858500107,62.0,0
14,Sart3,5,1,0.7835051546391752,97,0.5507482595033046,0.054907180363896795,90.0,1
14,Sart3,6,1,1.0,97,0.6963973250232447,0.0590922411558228,89.0,1
14,Sart3,8,0,0.010309278350515464,97,0.3445687558421679,0.05650781227164626,73.0,0
14,Sart3,13,1,1.0,97,0.6933852885119972,0.055830444619306994,79.0,1
14,Sart4,3,0,0.05154639175257732,97,0.4011198340959675,0.067314687105437,79.0,0
14,Sart4,4,1,1.0,97,0.773932759562924,0.06272846233736003,86.0,1
14,Sart4,5,0,1.0,97,0.7504464218736775,0.04187023826769343,42.0,1
14,Sart4,8,1,0.0,97,0.2527359099138111,0.052287932041294206,77.0,0
14,Sart4,12,0,1.0,97,0.720438060583959,0.05632768213597717,38.0,1
14,Sart4,14,1,0.979381443298969,97,0.6476375615070338,0.08165920278168842,74.0,1
14,Sart4,15,1,0.9175257731958762,97,0.6108253778070517,0.08087021856294477,78.0,1
15,Sart1,3,1,0.9175257731958762,97,0.5897356815355752,0.06373497713011139,96.0,1
15,Sart1,5,1,0.8350515463917526,97,0.56688855660593,0.059024611791940074,99.0,1
15,Sart1,10,1,1.0,97,0.5962552626508313,0.03584298289283279,86.0,1
15,Sart2,2,0,0.020618556701030927,97,0.40054984779611946,0.05567978258214873,79.0,0
15,Sart2,4,1,0.041237113402061855,97,0.4275877556261407,0.04340532688437444,59.0,0
15,Sart2,11,0,0.010309278350515464,97,0.3989042588228987,0.04836735638394231,90.0,0
15,Sart2,15,1,0.1134020618556701,97,0.4582876553102451,0.036102647657738234,73.0,0
15,Sart3,4,0,0.21649484536082475,97,0.4592060383203068,0.05461657834320615,73.0,0
15,Sart3,9,0,0.0,97,0.3495884154230287,0.06115287468581077,62.0,0
15,Sart3,10,0,0.29896907216494845,97,0.4716530226793434,0.0625658376495621,79.0,0
15,Sart3,12,0,0.020618556701030927,97,0.37408844285281706,0.07703953798874116,53.0,0
15,Sart4,6,0,0.0,97,0.34371892505804463,0.0529045534155896,81.0,0
15,Sart4,9,0,0.6391752577319587,97,0.5169162413002988,0.05644600970218734,62.0,1
15,Sart4,10,0,0.041237113402061855,97,0.3863588227172708,0.07678827849434623,64.0,0
15,Sart4,13,0,0.0,97,0.3134908110987768,0.04319899008919361,61.0,0
15,Sart4,14,1,0.0,97,0.24457647572767974,0.027562508693492943,77.0,0
19,Sart1,4,0,0.0,97,0.35139679718543154,0.046294886824917746,52.0,0
19,Sart1,5,0,0.0,97,0.3500794928251946,0.037794724267878645,50.0,0
19,Sart1,9,0,0.0,97,0.3067862914413245,0.03954646762070577,57.0,0
19,Sart1,10,0,0.15463917525773196,97,0.43593657175425754,0.048882201074328606,51.0,0
19,Sart1,11,0,0.10309278350515463,97,0.4298814021816037,0.04980982374960051,56.0,0
19,Sart1,12,0,0.5257731958762887,97,0.5024610158099879,0.050201646371907875,52.0,1
19,Sart1,14,0,0.17525773195876287,97,0.4510760962099467,0.05472754667164323,57.0,0
19,Sart1,15,0,0.010309278350515464,97,0.41946489387008956,0.03653317504877431,47.0,0
19,Sart2,2,0,0.9896907216494846,97,0.575894726699704,0.03846974835071601,56.0,1
19,Sart2,3,0,0.13402061855670103,97,0.458194276689305,0.039602876129898316,53.0,0
19,Sart2,4,0,0.38144329896907214,97,0.4865880480361122,0.047614058563060536,51.0,0
19,Sart2,5,0,0.29896907216494845,97,0.4678639023082874,0.06014612619003582,54.0,0
19,Sart2,6,0,0.5979381443298969,97,0.5125243699288734,0.03982844183712746,54.0,1
19,Sart2,15,0,0.17525773195876287,97,0.4633816203669498,0.042591644357124946,48.0,0
19,Sart3,2,1,0.7525773195876289,97,0.5255271277043883,0.04744428800863612,67.0,1
19,Sart3,4,1,0.6597938144329897,97,0.53011532084589,0.05676405291771824,68.0,1
19,Sart3,7,1,0.6494845360824743,97,0.5201429784437319,0.041548888825523,67.0,1
19,Sart3,9,1,0.8350515463917526,97,0.5402324928682639,0.046983448711959794,67.0,1
19,Sart3,10,1,0.21649484536082475,97,0.46247647792676194,0.04444683903744809,70.0,0
19,Sart3,11,1,0.010309278350515464,97,0.38763114517873304,0.04410606770299225,69.0,0
19,Sart4,6,1,0.6185567010309279,97,0.5125456866633308,0.04331416527620809,68.0,1
19,Sart4,7,1,0.29896907216494845,97,0.4697317313262258,0.054409381130998906,71.0,0
19,Sart4,10,1,1.0,97,0.682229660752355,0.041824338447384514,71.0,1
19,Sart4,12,1,0.5979381443298969,97,0.5125503887640797,0.04672809994923886,69.0,1
19,Sart4,13,1,0.7731958762886598,97,0.5359902594247222,0.054659183755628865,75.0,1
19,Sart4,14,1,0.1134020618556701,97,0.4474076037860398,0.0437443869447822,67.0,0
19,Sart4,15,1,0.09278350515463918,97,0.43086689590367977,0.05521625133804561,69.0,0
20,Sart1,3,1,0.20618556701030927,97,0.49998453608247423,0.0018091975780131562,99.0,0
20,Sart1,8,0,0.17525773195876287,97,0.49984020618556696,0.001632269623472569,79.0,0
20,Sart1,10,1,0.20618556701030927,97,0.5002010309278351,0.0014409556179089903,97.0,1
20,Sart1,11,1,0.17525773195876287,97,0.4999896907216495,0.0016313647492259792,98.0,0
20,Sart2,5,0,0.20618556701030927,97,0.4998814432989691,0.0018396291461022687,82.0,0
20,Sart2,7,1,0.16494845360824742,97,0.4997525773195876,0.0018344556858180567,98.0,0
20,Sart2,8,1,0.13402061855670103,97,0.4998711340206185,0.0014618024520894255,98.0,0
20,Sart2,10,0,0.18556701030927836,97,0.4999020618556701,0.001899340860526954,85.0,0
20,Sart3,8,0,0.16494845360824742,97,0.49997938144329895,0.0015409641289580245,86.0,0
20,Sart4,12,0,0.13402061855670103,97,0.4999278350515464,0.0014012451507529303,87.0,0
20,Sart4,13,1,0.2268041237113402,97,0.5,0.0017618645426554882,98.0,1
20,Sart4,14,0,0.16494845360824742,97,0.5000051546391753,0.0015703881641983457,83.0,1
22,Sart1,1,0,0.020618556701030927,97,0.42327798763656643,0.03789999048219304,70.0,0
22,Sart1,2,0,0.2268041237113402,97,0.45454641336919827,0.0689375457565467,67.0,0
22,Sart1,3,0,0.0,97,0.36069157996939993,0.03938363897759194,70.0,0
22,Sart1,4,0,0.14432989690721648,97,0.4349477168475642,0.055122328332646756,71.0,0
22,Sart1,5,0,0.4639175257731959,97,0.4952905163435655,0.05382581867263959,74.0,0
22,Sart1,6,0,0.1958762886597938,97,0.44901391574759913,0.05758099160425474,69.0,0
22,Sart1,9,0,0.15463917525773196,97,0.44946001079063524,0.04695239627639255,70.0,0
22,Sart1,11,1,0.6701030927835051,97,0.5242091383299735,0.05164903325810851,90.0,1
22,Sart1,12,1,0.5154639175257731,97,0.5002993661868911,0.04065101239374847,94.0,1
22,Sart1,13,1,0.9175257731958762,97,0.5573042754484901,0.04577600096586915,94.0,1
22,Sart1,14,1,0.061855670103092786,97,0.41760601914241474,0.046057223521435126,94.0,0
22,Sart1,15,1,0.23711340206185566,97,0.4523432008272465,0.06025235720637517,83.0,0
22,Sart2,1,1,0.8247422680412371,97,0.5461496984094047,0.0585862965935586,92.0,1
22,Sart2,4,0,0.7525773195876289,97,0.5275005222157407,0.04642084756543145,60.0,1
22,Sart2,5,0,0.8762886597938144,97,0.5616297382345737,0.05569467663602042,77.0,1
22,Sart2,6,0,0.5463917525773195,97,0.5118535403219232,0.05894490051230502,67.0,1
22,Sart2,8,0,0.041237113402061855,97,0.41621559808294717,0.05679976238766068,78.0,0
22,Sart2,9,1,0.08247422680412371,97,0.4266181535222296,0.05744537948462064,91.0,0
22,Sart2,13,0,0.9381443298969072,97,0.5807258735541022,0.050422296562716205,71.0,1
22,Sart3,1,0,0.09278350515463918,97,0.42919509571636,0.05697115656810786,79.0,0
22,Sart3,2,1,0.17525773195876287,97,0.45687086229729956,0.048617667502463,88.0,0
22,Sart3,4,0,0.8969072164948454,97,0.5550808672947087,0.04610539280632721,78.0,1
22,Sart3,10,1,0.845360824742268,97,0.544795949947799,0.05370607170495656,90.0,1
22,Sart4,1,0,0.979381443298969,97,0.6076054985573395,0.05377873249745718,71.0,1
22,Sart4,2,1,0.8969072164948454,97,0.5768241986617135,0.05983807607985959,91.0,1
22,Sart4,4,1,1.0,97,0.650310062699911,0.04986942446222852,92.0,1
22,Sart4,7,1,0.07216494845360824,97,0.4201071338477427,0.0526826755419153,88.0,0
22,Sart4,8,1,0.979381443298969,97,0.5936451446767629,0.046649079853793345,91.0,1
22,Sart4,9,1,0.5670103092783505,97,0.5034710139277045,0.04875430302800145,92.0,1
22,Sart4,11,0,1.0,97,0.6871087072627294,0.04058303737880618,71.0,1
22,Sart4,12,1,0.31958762886597936,97,0.4695078519950752,0.06316381706165229,92.0,0
22,Sart4,14,1,1.0,97,0.5868350947798425,0.04323706828162224,88.0,1
24,Sart1,4,1,0.6907216494845361,97,0.507996422578503,0.01438105927393618,84.0,1
24,Sart1,5,1,0.6597938144329897,97,0.5093624422046386,0.021018643362855974,82.0,1
24,Sart1,8,0,0.7422680412371134,97,0.5168922519738967,0.02448528878034072,70.0,1
24,Sart1,13,1,0.1134020618556701,97,0.48365951808531754,0.02118825752290574,85.0,0
24,Sart1,15,0,0.9175257731958762,97,0.532599010578679,0.03332948355725834,70.0,1
24,Sart2,5,1,0.6185567010309279,97,0.5067023201336034,0.019195627767728304,78.0,1
24,Sart2,6,1,0.6185567010309279,97,0.5091787250121738,0.02070497765305142,79.0,1
24,Sart2,7,1,0.6804123711340206,97,0.5075045794472673,0.01564633985614578,72.0,1
24,Sart2,10,0,0.6494845360824743,97,0.5061411435124537,0.021472904408880618,63.0,1
24,Sart3,3,1,0.25773195876288657,97,0.4906259043569685,0.017854895263475935,75.0,0
24,Sart3,4,0,0.7525773195876289,97,0.5110653288461589,0.01901464378137335,68.0,1
24,Sart3,8,0,0.9587628865979382,97,0.5454507320830362,0.04059715773807349,65.0,1
24,Sart4,2,1,0.5154639175257731,97,0.5022806154205844,0.011244746713435326,73.0,1
24,Sart4,4,0,0.4536082474226804,97,0.49868149247784693,0.0211551060781969,58.0,0
25,Sart1,1,1,0.23711340206185566,97,0.4619202114264994,0.05914937836898556,92.0,0
25,Sart1,2,1,0.44329896907216493,97,0.4967504571830969,0.06427597718925616,88.0,0
25,Sart1,4,1,0.9381443298969072,97,0.5868920350493596,0.05698784295011969,85.0,1
25,Sart1,5,1,0.2268041237113402,97,0.463645775322775,0.054422800298070284,92.0,0
25,Sart1,7,1,0.9381443298969072,97,0.6048585120453138,0.06676241826138855,85.0,1
25,Sart1,11,0,0.4536082474226804,97,0.4887210732191885,0.06727289185084281,79.0,0
25,Sart1,12,0,1.0,97,0.6477901003319365,0.04274480634354502,84.0,1
25,Sart2,1,0,0.7010309278350515,97,0.5235637241021895,0.04616492766568153,76.0,1
25,Sart2,2,0,0.5463917525773195,97,0.5063386152529062,0.05306976155038848,64.0,1
25,Sart2,3,0,0.010309278350515464,97,0.33864265971525936,0.05453747604299227,30.0,0
25,Sart2,4,0,0.020618556701030927,97,0.39362106204135816,0.05326281824157278,83.0,0
25,Sart2,6,0,0.0,97,0.29736797497413103,0.04515555551848522,72.0,0
25,Sart2,7,0,0.0,97,0.3461869771491617,0.046041153651750114,49.0,0
25,Sart2,8,0,0.8144329896907216,97,0.5450579640145092,0.05053361407547704,49.0,1
25,Sart2,12,1,0.1134020618556701,97,0.42286257480965883,0.05920253336792492,96.0,0
25,Sart2,13,0,0.0,97,0.3453001495923292,0.041428935244717094,29.0,0
25,Sart2,14,1,0.23711340206185566,97,0.4709073441629729,0.04071807224738101,91.0,0
25,Sart2,15,0,0.0,97,0.36188887642822,0.05268853059592946,56.0,0
25,Sart3,1,1,0.08247422680412371,97,0.4382605185934619,0.04192613561492278,91.0,0
25,Sart3,3,0,0.6494845360824743,97,0.5164943332906086,0.05292961244391936,46.0,1
25,Sart3,4,0,0.9896907216494846,97,0.7129780794413388,0.06415527188753524,47.0,1
25,Sart3,6,1,0.5567010309278351,97,0.5010986910582498,0.051754706564317195,96.0,1
25,Sart3,7,0,0.020618556701030927,97,0.35654111997748406,0.05284090449007419,51.0,0
25,Sart3,9,0,0.030927835051546393,97,0.40601528361742645,0.05185253607659546,48.0,0
25,Sart3,10,0,0.0,97,0.34308126947925033,0.04891434316103336,49.0,0
25,Sart3,11,1,0.14432989690721648,97,0.45151639237416624,0.044970562995495574,79.0,0
25,Sart3,12,0,0.020618556701030927,97,0.3898166362203076,0.04819766024362369,48.0,0
25,Sart3,13,1,0.5670103092783505,97,0.5064645587285368,0.06549460904439897,97.0,1
25,Sart3,14,0,0.7835051546391752,97,0.5440575251083197,0.055600029437622274,36.0,1
25,Sart3,15,0,1.0,97,0.6401550472887558,0.05882372200269569,57.0,1
25,Sart4,1,1,0.7628865979381443,97,0.5414667225900944,0.052557619742373385,88.0,1
25,Sart4,2,1,0.35051546391752575,97,0.4894165637942173,0.04529355175473689,91.0,0
25,Sart4,4,1,0.9896907216494846,97,0.6598925264946142,0.058978649858153466,91.0,1
25,Sart4,5,1,1.0,97,0.6325969135664848,0.04592970835701735,94.0,1
25,Sart4,6,1,0.9587628865979382,97,0.6343406505176562,0.06744398034497029,88.0,1
25,Sart4,7,1,0.05154639175257732,97,0.40492723384747065,0.05515925349819094,91.0,0
25,Sart4,8,0,0.9381443298969072,97,0.577580023532948,0.04999081729617844,50.0,1
25,Sart4,9,1,0.7216494845360825,97,0.5311366890411441,0.052902317836612874,92.0,1
25,Sart4,10,1,0.9896907216494846,97,0.6613719590195843,0.0668915514872158,94.0,1
25,Sart4,11,0,1.0,97,0.7037382120702796,0.054014728213646064,44.0,1
25,Sart4,12,1,0.6082474226804123,97,0.518706720956751,0.05505262645869272,90.0,1
25,Sart4,13,1,0.9484536082474226,97,0.6215262823606829,0.0718332229304337,89.0,1
25,Sart4,14,0,0.3402061855670103,97,0.48339130497401206,0.043900741948783475,50.0,0
25,Sart4,15,1,0.08247422680412371,97,0.41426752610368733,0.0616120745213805,94.0,0
26,Sart1,10,1,0.6804123711340206,97,0.5143255127391877,0.05913172902204466,100.0,1
26,Sart1,12,0,0.0,97,0.31509312103043957,0.06812285039057953,80.0,0
26,Sart1,15,1,0.7525773195876289,97,0.5342199324984085,0.07106359882816532,90.0,1
26,Sart2,1,0,0.711340206185567,97,0.547642946580036,0.07414592328551602,67.0,1
26,Sart2,2,0,0.4845360824742268,97,0.49538831793505694,0.07239236997294679,59.0,0
26,Sart2,3,0,0.0,97,0.3135047159906074,0.06650399910196463,74.0,0
26,Sart2,5,0,0.6701030927835051,97,0.5236279750451643,0.05134176349492963,93.0,1
26,Sart2,6,0,0.061855670103092786,97,0.3850705272422941,0.07879946176153299,71.0,0
26,Sart2,9,1,0.24742268041237114,97,0.45725778660264027,0.05881869691806863,93.0,0
26,Sart2,13,1,0.0,97,0.20450803053096564,0.043224698402688305,95.0,0
26,Sart3,2,0,0.0,97,0.3343838012047895,0.05209983757224384,90.0,0
26,Sart3,5,0,0.845360824742268,97,0.6003831788920649,0.08088960363583009,68.0,1
26,Sart3,7,0,0.08247422680412371,97,0.42634262305384,0.05889931708940029,72.0,0
26,Sart3,13,0,0.23711340206185566,97,0.46042773727355435,0.06115016101658673,71.0,0
26,Sart3,15,1,0.44329896907216493,97,0.4915649999887794,0.04149632713037102,96.0,0
26,Sart4,3,0,0.0,97,0.34131064493406055,0.058381379049974154,82.0,0
26,Sart4,5,0,0.0,97,0.25604818846398825,0.08678829297767332,65.0,0
26,Sart4,6,0,0.010309278350515464,97,0.3616841638301906,0.07038737611115115,50.0,0
26,Sart4,10,1,0.061855670103092786,97,0.4268987292316943,0.053547013870947846,83.0,0
26,Sart4,13,0,0.7010309278350515,97,0.5273545747416516,0.0509839777677221,66.0,1
26,Sart4,15,0,0.0,97,0.36174924137754677,0.04838479086747089,91.0,0
28,Sart1,2,0,0.14432989690721648,97,0.4367570995359595,0.056994604395826945,78.0,0
28,Sart1,6,0,0.15463917525773196,97,0.452005732000803,0.04920868524735413,75.0,0
28,Sart1,7,1,0.0,97,0.36263590952630037,0.04487074857329872,94.0,0
28,Sart1,9,0,0.8762886597938144,97,0.5612476495336945,0.049622852914510865,66.0,1
28,Sart1,12,0,0.6288659793814433,97,0.5130744165251386,0.04500371088700658,71.0,1
28,Sart1,13,0,0.979381443298969,97,0.5711424013986329,0.042109764909192646,72.0,1
28,Sart1,15,0,0.020618556701030927,97,0.3831069781472781,0.051704795652680956,70.0,0
28,Sart2,1,0,0.010309278350515464,97,0.38031439610488926,0.05301062713223366,60.0,0
28,Sart2,4,1,0.979381443298969,97,0.6489528208642973,0.058722028695105385,95.0,1
28,Sart2,5,0,0.7216494845360825,97,0.5314887673819981,0.045000500134546054,76.0,1
28,Sart2,6,1,0.0,97,0.3163209669089083,0.04352759350158127,99.0,0
28,Sart2,7,1,0.23711340206185566,97,0.4710015500178112,0.04576998671216572,100.0,0
28,Sart2,8,1,0.7216494845360825,97,0.5405670719431575,0.055980738498683805,93.0,1
28,Sart2,9,1,0.9484536082474226,97,0.5700264979242091,0.04402623901472575,92.0,1
28,Sart2,11,0,1.0,97,0.6507133684875172,0.047376340810671366,69.0,1
28,Sart2,12,1,0.9896907216494846,97,0.6296366427024164,0.04733442848064188,97.0,1
28,Sart2,13,0,0.9484536082474226,97,0.57388072706327,0.0429083317873683,77.0,1
28,Sart3,1,0,0.010309278350515464,97,0.354930692495356,0.05796130688862367,73.0,0
28,Sart3,2,0,0.0,97,0.2912131057793428,0.05647777328311447,60.0,0
28,Sart3,3,0,0.9896907216494846,97,0.6101311631260274,0.03919730481441853,52.0,1
28,Sart3,4,1,0.0,97,0.2967995787709392,0.04550326702620065,89.0,0
28,Sart3,5,0,0.010309278350515464,97,0.29700723224474773,0.06273017665644877,51.0,0
28,Sart3,6,1,0.979381443298969,97,0.6376572768509491,0.06347846029597425,100.0,1
28,Sart3,7,0,0.08247422680412371,97,0.3884269077367799,0.06429426366472876,77.0,0
28,Sart3,10,1,0.18556701030927836,97,0.4624239948482285,0.04374711295774809,99.0,0
28,Sart3,12,1,0.8350515463917526,97,0.5560816468860235,0.059468574111314926,95.0,1
28,Sart3,14,1,0.7938144329896907,97,0.5369828680019085,0.04659354992302805,93.0,1
28,Sart3,15,1,0.5670103092783505,97,0.5088628749893824,0.04245918521048472,93.0,1
28,Sart4,1,0,0.24742268041237114,97,0.4628466480610371,0.05445378375985789,76.0,0
28,Sart4,2,0,0.020618556701030927,97,0.36249669298242604,0.06851939929565552,71.0,0
28,Sart4,4,1,0.041237113402061855,97,0.4155906988550689,0.053868747853485374,91.0,0
28,Sart4,6,1,0.711340206185567,97,0.5264814092910812,0.04102355427861141,93.0,1
28,Sart4,8,0,1.0,97,0.7240394971970551,0.048023036714565454,79.0,1
28,Sart4,11,1,0.9381443298969072,97,0.5763487368281415,0.046838204235768566,99.0,1
28,Sart4,12,0,0.061855670103092786,97,0.42663102307798173,0.04830096501756223,65.0,0
28,Sart4,13,1,0.7319587628865979,97,0.542740683690089,0.057331561116786806,90.0,1
28,Sart4,14,0,0.7525773195876289,97,0.5348132468124954,0.048359450388471246,64.0,1
28,Sart4,15,1,0.041237113402061855,97,0.4212642816593244,0.04393787094542913,95.0,0
29,Sart1,1,1,0.5154639175257731,97,0.5037028128966363,0.05794365914862869,85.0,1
29,Sart1,3,1,0.9690721649484536,97,0.5923164507806539,0.05577989092231302,98.0,1
29,Sart1,6,1,0.5773195876288659,97,0.5090366701581951,0.041583418728537956,77.0,1
29,Sart1,7,1,0.8350515463917526,97,0.5601933182949064,0.055985649580311984,83.0,1
29,Sart1,8,0,0.6391752577319587,97,0.5231697078367433,0.059131347569674385,71.0,1
29,Sart1,9,1,0.18556701030927836,97,0.4482707096885033,0.04928457063574669,76.0,0
29,Sart1,10,0,0.5670103092783505,97,0.5123454144552361,0.054902827715905975,65.0,1
29,Sart1,11,1,0.7628865979381443,97,0.5396012543987567,0.04795116522781741,71.0,1
29,Sart1,13,1,0.0,97,0.30938659845493954,0.039288771352439085,99.0,0
29,Sart1,14,0,1.0,97,0.615931200230997,0.0441907150420704,65.0,1
29,Sart1,15,1,0.07216494845360824,97,0.4429942584483589,0.04575649630421778,78.0,0
29,Sart2,1,1,0.2268041237113402,97,0.474091488242568,0.04388544895286787,85.0,0
29,Sart2,2,1,0.0,97,0.2880403079510579,0.0414414420664966,76.0,0
29,Sart2,4,0,0.0,97,0.28983429162224555,0.0491452084861479,63.0,0
29,Sart2,6,0,0.7525773195876289,97,0.5282495149318279,0.04942281876150019,60.0,1
29,Sart2,7,0,0.0,97,0.32602062667040005,0.04581614708262412,24.0,0
29,Sart2,8,0,0.0,97,0.30021132949318535,0.04887110526207322,66.0,0
29,Sart2,9,0,0.4948453608247423,97,0.49174054664270417,0.041208000851097465,30.0,0
29,Sart2,10,0,0.9381443298969072,97,0.5745614108656497,0.04159745132707385,63.0,1
29,Sart2,11,0,0.0,97,0.38801184016563806,0.047807968161362624,60.0,0
29,Sart2,12,0,0.0,97,0.3296697428396596,0.04423613101339585,60.0,0
29,Sart2,13,0,0.0,97,0.38795491478796945,0.04310669024167396,58.0,0
29,Sart2,14,0,0.4948453608247423,97,0.5035529969702411,0.04604264502337787,35.0,1
29,Sart3,1,1,0.8041237113402062,97,0.541004818998282,0.04470869501217176,96.0,1
29,Sart3,2,0,0.041237113402061855,97,0.4290648549644648,0.03877418353450645,70.0,0
29,Sart3,4,0,0.5670103092783505,97,0.5069385336422383,0.04547864190551781,77.0,1
29,Sart3,5,0,0.010309278350515464,97,0.3748930942418036,0.047688597360307027,67.0,0
29,Sart3,6,0,0.1958762886597938,97,0.459139758394676,0.04859198215692003,51.0,0
29,Sart3,7,0,0.422680412371134,97,0.4841504989079533,0.0586376494114663,60.0,0
29,Sart3,8,0,0.7938144329896907,97,0.5449231015613429,0.050358555032234055,27.0,1
29,Sart3,9,1,0.0,97,0.33364772129545467,0.051055741915513535,92.0,0
29,Sart3,10,0,0.9896907216494846,97,0.6217165371597422,0.0514338474465517,8.0,1
29,Sart3,11,0,0.6701030927835051,97,0.5261907982128831,0.057972624849764565,28.0,1
29,Sart3,12,0,0.9896907216494846,97,0.5834014587081382,0.04898558284102562,49.0,1
29,Sart3,13,1,0.0,97,0.31035381850164034,0.04662390643922531,83.0,0
29,Sart3,14,0,0.0,97,0.30170081361667084,0.057927619463635636,40.0,0
29,Sart3,15,0,0.0,97,0.34825392339955724,0.045493555640568235,13.0,0
29,Sart4,1,0,0.7938144329896907,97,0.5452957466061867,0.051489518420925424,19.0,1
29,Sart4,4,1,0.845360824742268,97,0.5428761581623887,0.04661108391940562,96.0,1
29,Sart4,5,1,1.0,97,0.6985442793190846,0.05572374952758673,98.0,1
29,Sart4,6,1,0.845360824742268,97,0.5463478794328304,0.04444130088015772,94.0,1
29,Sart4,7,1,1.0,97,0.621580091552642,0.049640457901718636,93.0,1
29,Sart4,8,1,1.0,97,0.7145932520601049,0.04937277139980505,96.0,1
29,Sart4,9,1,0.6082474226804123,97,0.5163187370164316,0.04561310427425428,85.0,1
29,Sart4,10,0,0.010309278350515464,97,0.40773742028519033,0.049862324060314135,66.0,0
29,Sart4,11,1,0.6288659793814433,97,0.5153332403651267,0.05282098788496563,86.0,1
29,Sart4,12,1,0.8350515463917526,97,0.5493727101658755,0.04548549639353064,92.0,1
29,Sart4,13,1,0.9278350515463918,97,0.5843198512837403,0.05214996587249699,84.0,1
29,Sart4,14,1,1.0,97,0.6976236391589229,0.0588787044155485,95.0,1
29,Sart4,15,1,0.9484536082474226,97,0.5827066879149142,0.053153703764757324,97.0,1
30,Sart1,1,1,1.0,97,0.8247975553373458,0.03742897506482707,100.0,1
30,Sart1,2,1,1.0,97,0.8196909449437745,0.030727996010623558,100.0,1
30,Sart1,3,1,1.0,97,0.7868856131703158,0.036934010151917954,99.0,1
30,Sart1,4,1,1.0,97,0.6815319065383195,0.04830157945130489,100.0,1
30,Sart1,5,1,1.0,97,0.7538025833490314,0.033807815938284975,86.0,1
30,Sart1,6,1,1.0,97,0.8106096685615128,0.03395511517138633,100.0,1
30,Sart1,7,1,1.0,97,0.7052035912727623,0.041854569124032764,89.0,1
30,Sart1,8,0,1.0,97,0.7578368795028505,0.03520825016755208,0.0,1
30,Sart1,10,1,1.0,97,0.7399156544596787,0.03989416171962991,97.0,1
30,Sart1,12,1,1.0,97,0.8270615953041982,0.03581988275492778,100.0,1
30,Sart1,13,1,1.0,97,0.7825800058594952,0.03648313814320361,99.0,1
30,Sart1,14,1,1.0,97,0.7910324493991931,0.039483880342569506,98.0,1
30,Sart1,15,1,1.0,97,0.7099435133658014,0.0428024031332695,86.0,1
30,Sart2,1,0,0.4948453608247423,97,0.49955720429319683,0.06070239806694023,76.0,0
30,Sart2,3,1,0.5670103092783505,97,0.5051659225966162,0.04719599558905079,78.0,1
30,Sart2,5,1,0.05154639175257732,97,0.41145216268036755,0.05531273629326513,100.0,0
30,Sart2,6,1,0.020618556701030927,97,0.3946462714974497,0.05326914751193326,82.0,0
30,Sart2,8,1,0.030927835051546393,97,0.38860634296011354,0.052936960050972114,73.0,0
30,Sart2,9,1,0.7525773195876289,97,0.5382957775595884,0.05356623170580161,67.0,1
30,Sart2,10,1,0.030927835051546393,97,0.41712486486070766,0.0483689690531115,67.0,0
30,Sart2,11,0,0.32989690721649484,97,0.47267587447516146,0.07306718817005818,6.0,0
30,Sart2,12,0,0.1134020618556701,97,0.4515227863323938,0.038481518283093624,47.0,0
30,Sart2,13,0,0.16494845360824742,97,0.4253800508886818,0.06892299393534694,27.0,0
30,Sart2,14,1,1.0,97,0.621187574493575,0.055464269761586964,98.0,1
30,Sart2,15,0,0.865979381443299,97,0.5758204230810754,0.06881389587558022,70.0,1
30,Sart3,1,0,0.9381443298969072,97,0.5803271518589136,0.05346630340180736,85.0,1
30,Sart3,3,1,0.9278350515463918,97,0.5903100448276557,0.06419319800572033,100.0,1
30,Sart3,4,1,0.13402061855670103,97,0.43578650870272084,0.06165079346271691,70.0,0
30,Sart3,5,1,0.0,97,0.3139875648360501,0.04850619764923207,69.0,0
30,Sart3,6,0,0.0,97,0.34155089812420375,0.05563042773381868,61.0,0
30,Sart3,7,0,0.09278350515463918,97,0.43267772945885125,0.05945356800601092,48.0,0
30,Sart3,8,0,0.7628865979381443,97,0.5528389380098339,0.0627137117960679,58.0,1
30,Sart3,9,0,0.9278350515463918,97,0.5940584235805171,0.06377991953675101,72.0,1
30,Sart3,10,0,0.0,97,0.33619940774123297,0.056420242708517636,61.0,0
30,Sart3,13,1,0.07216494845360824,97,0.41007263226127755,0.05683409825198009,74.0,0
30,Sart3,15,0,0.010309278350515464,97,0.3799896052861567,0.05577008856712154,54.0,0
30,Sart4,1,0,0.020618556701030927,97,0.40953025817939337,0.045339234638700134,14.0,0
30,Sart4,2,0,0.0,97,0.2873662273372535,0.04796357172023383,18.0,0
30,Sart4,3,0,0.0,97,0.30144741352231524,0.052408303462864965,47.0,0
30,Sart4,5,0,0.0,97,0.28279116385920167,0.05741263096121426,50.0,0
30,Sart4,6,0,0.18556701030927836,97,0.4535310133182045,0.047180158049548594,50.0,0
30,Sart4,7,0,0.0,97,0.3273043267911626,0.04632594912046906,59.0,0
30,Sart4,8,0,0.0,97,0.26189244025954295,0.04469379069012278,50.0,0
30,Sart4,9,1,0.0,97,0.220845339364548,0.04245675980567443,72.0,0
30,Sart4,10,0,0.010309278350515464,97,0.40585104029947067,0.03987127483783288,61.0,0
30,Sart4,11,0,0.0,97,0.29113780453950083,0.04286828316172937,51.0,0
30,Sart4,12,0,0.0,97,0.38324865252681223,0.05511073866880509,21.0,0
30,Sart4,13,1,0.0,97,0.1842093971141368,0.039268394747044036,74.0,0
30,Sart4,14,0,0.0,97,0.24066102195234346,0.03948640575461795,11.0,0
30,Sart4,15,0,0.0,97,0.2836561407425861,0.05347224107523252,13.0,0
31,Sart1,1,1,0.7525773195876289,97,0.5340123743227637,0.052670705705648975,98.0,1
31,Sart1,3,0,1.0,97,0.6616924314058537,0.043519188660656995,46.0,1
31,Sart1,5,1,0.08247422680412371,97,0.4086304173877959,0.0681232648285838,50.0,0
31,Sart1,7,0,0.5670103092783505,97,0.5102404139122907,0.05611271352699404,28.0,1
31,Sart1,8,1,0.7731958762886598,97,0.5433321399422764,0.054826996081192916,39.0,1
31,Sart1,9,1,0.32989690721649484,97,0.47204816948793554,0.06852180148245215,73.0,0
31,Sart1,10,0,0.5154639175257731,97,0.5102734033939473,0.05743568610193453,14.0,1
31,Sart1,11,0,0.6597938144329897,97,0.517090136392414,0.05480595697121482,23.0,1
31,Sart1,13,1,0.6494845360824743,97,0.5223264865578541,0.05569862495871463,47.0,1
31,Sart1,14,1,0.44329896907216493,97,0.5017066676750231,0.0673808468613364,46.0,1
31,Sart1,15,1,0.6185567010309279,97,0.5153683597679385,0.059428143105867394,48.0,1
31,Sart2,2,1,0.9278350515463918,97,0.5787637522457029,0.05945575277028271,73.0,1
31,Sart2,3,0,1.0,97,0.674108834203482,0.05023740034488888,37.0,1
31,Sart2,5,1,0.865979381443299,97,0.5784607744200244,0.06919853915869971,81.0,1
31,Sart2,6,1,0.979381443298969,97,0.5860777533495808,0.04319553096551075,80.0,1
31,Sart2,7,1,0.865979381443299,97,0.5685309982930395,0.06725468805150377,50.0,1
31,Sart2,9,1,0.8865979381443299,97,0.5514549669597278,0.05032204688956668,47.0,1
31,Sart2,10,1,0.5463917525773195,97,0.5038773468118141,0.05665257640599467,60.0,1
31,Sart2,11,1,0.9896907216494846,97,0.6160389546631482,0.06545089635598837,49.0,1
31,Sart2,13,1,0.9587628865979382,97,0.6237308935521266,0.06450458172598733,67.0,1
31,Sart2,14,0,0.6804123711340206,97,0.522867506667043,0.05118388294418366,24.0,1
31,Sart2,15,0,0.9484536082474226,97,0.5772823350287596,0.053126103495661124,17.0,1
31,Sart3,3,1,0.5360824742268041,97,0.5048336434735731,0.053502238415774575,47.0,1
31,Sart3,5,0,0.6494845360824743,97,0.5219855884598782,0.05359663492766907,5.0,1
31,Sart3,6,0,0.422680412371134,97,0.4878072670100761,0.049324511137106265,16.0,0
31,Sart3,8,1,0.6185567010309279,97,0.5184267531187703,0.06539460264404649,48.0,1
31,Sart3,9,0,0.17525773195876287,97,0.4462376800398919,0.04974592353508149,33.0,0
31,Sart3,13,0,0.09278350515463918,97,0.4435577902032347,0.0478534956188361,31.0,0
31,Sart3,14,0,0.4742268041237113,97,0.4950215348424096,0.059747188512876824,17.0,0
31,Sart3,15,0,0.1958762886597938,97,0.4578068436866049,0.043495701691610204,44.0,0
31,Sart4,2,1,1.0,97,0.6126457537030838,0.04921353791983048,47.0,1
31,Sart4,4,0,0.5257731958762887,97,0.5052137499192286,0.06337073466170806,35.0,1
31,Sart4,6,1,0.7010309278350515,97,0.5363813898175774,0.07222669818549667,64.0,1
31,Sart4,9,0,0.29896907216494845,97,0.47494467132864904,0.05494517203034053,34.0,0
31,Sart4,10,1,0.5257731958762887,97,0.5016533635813072,0.038612441584983816,48.0,1
31,Sart4,11,1,0.4329896907216495,97,0.4831387887222037,0.06815322621078027,70.0,0
31,Sart4,12,1,0.4639175257731959,97,0.4888017078250863,0.05971632704198058,62.0,0
31,Sart4,13,0,0.6597938144329897,97,0.5254483909748585,0.05383894237557618,26.0,1
31,Sart4,15,1,0.5670103092783505,97,0.4953294166349904,0.07388612169424788,55.0,0
32,Sart1,1,1,0.4536082474226804,97,0.49795834035453573,0.052320784494761276,99.0,0
32,Sart1,2,0,0.979381443298969,97,0.6232878807781277,0.05475135193697003,87.0,1
32,Sart1,3,1,0.25773195876288657,97,0.4644212447414407,0.05041317763836429,98.0,0
32,Sart1,5,1,0.31958762886597936,97,0.47733823589645874,0.04849441150766733,97.0,0
32,Sart1,6,0,0.9690721649484536,97,0.5996818925983431,0.05501889835151585,76.0,1
32,Sart1,8,1,0.9896907216494846,97,0.5985296577050091,0.05153300125216505,85.0,1
32,Sart1,10,0,0.7835051546391752,97,0.5382943896805784,0.04952916634537155,68.0,1
32,Sart1,11,0,0.4639175257731959,97,0.49299487136146336,0.06425411413639208,70.0,0
32,Sart1,12,1,0.010309278350515464,97,0.3944815574787917,0.04789492965997488,75.0,0
32,Sart1,13,1,0.08247422680412371,97,0.44074079521403603,0.04651050954090022,82.0,0
32,Sart1,14,0,0.5051546391752577,97,0.500276284102152,0.0518491170036388,51.0,1
32,Sart1,15,0,0.4020618556701031,97,0.495412532801413,0.04659770174902479,56.0,0
32,Sart2,2,1,0.9381443298969072,97,0.5600440673875079,0.042538885939598495,93.0,1
32,Sart2,3,1,0.7010309278350515,97,0.5235241516442252,0.043184922103923544,78.0,1
32,Sart2,5,1,0.6288659793814433,97,0.5231424303562351,0.0512907485496704,72.0,1
32,Sart2,6,1,0.010309278350515464,97,0.3264292298558866,0.049979662609403674,84.0,0
32,Sart2,7,0,0.4639175257731959,97,0.5022219297699902,0.0491609594863273,29.0,1
32,Sart2,8,0,0.030927835051546393,97,0.39920332308421574,0.04771869496104299,42.0,0
32,Sart2,9,0,0.0,97,0.3660389879883929,0.05158147300366573,58.0,0
32,Sart2,10,0,0.09278350515463918,97,0.4307333133789126,0.05084656595661925,46.0,0
32,Sart2,11,0,0.0,97,0.33507453952607125,0.053652834415429146,49.0,0
32,Sart2,12,1,0.9484536082474226,97,0.5889282566905267,0.05638148961050766,91.0,1
32,Sart2,13,0,1.0,97,0.6864955566671654,0.03998184180893606,80.0,1
32,Sart2,14,1,1.0,97,0.6277055995028121,0.04618614537087357,78.0,1
32,Sart2,15,0,0.041237113402061855,97,0.4305462558878594,0.03947758104174488,70.0,0
32,Sart3,1,1,0.8969072164948454,97,0.59427259127828,0.07090393095280693,97.0,1
32,Sart3,4,0,1.0,97,0.6677847827412469,0.0451499554560971,72.0,1
32,Sart3,6,0,0.5463917525773195,97,0.5104103791071806,0.05878439190084224,77.0,1
32,Sart3,7,1,0.865979381443299,97,0.5543431227605634,0.04904228702054171,81.0,1
32,Sart3,8,0,0.9690721649484536,97,0.5911412199033921,0.054292842135504206,93.0,1
32,Sart3,10,1,0.0,97,0.3340949480582025,0.042048803682703216,97.0,0
32,Sart3,13,0,0.010309278350515464,97,0.3379824378452059,0.06281425943993017,42.0,0
32,Sart3,15,0,0.0,97,0.31849092071758783,0.047282251690961,42.0,0
32,Sart4,2,1,0.9484536082474226,97,0.5811448065572379,0.05204888597414073,90.0,1
32,Sart4,6,0,0.23711340206185566,97,0.45509120043222345,0.057647642063644484,33.0,0
32,Sart4,7,1,0.9278350515463918,97,0.5775946930014988,0.051899649145130594,80.0,1
32,Sart4,8,1,0.44329896907216493,97,0.49186291094881934,0.0543802003525843,88.0,0
32,Sart4,9,1,0.9896907216494846,97,0.604755294673294,0.05040051443536228,73.0,1
32,Sart4,14,1,0.9587628865979382,97,0.5942888293339107,0.05719688397322626,85.0,1
32,Sart4,15,0,0.9278350515463918,97,0.5938026512637007,0.06403728168535545,57.0,1
33,Sart1,1,1,0.6185567010309279,97,0.5200108417114919,0.06293372548987676,93.0,1
33,Sart1,2,0,0.9072164948453608,97,0.5751071521097317,0.05515478219124068,4.0,1
33,Sart1,3,0,0.7938144329896907,97,0.5485733891537276,0.058340068374162474,1.0,1
33,Sart1,4,0,0.8762886597938144,97,0.5794628761526702,0.06258797464175579,1.0,1
33,Sart1,5,0,1.0,97,0.7004677118551818,0.04856349934492768,3.0,1
33,Sart1,6,1,0.5567010309278351,97,0.5097466714943347,0.04294409929694408,99.0,1
33,Sart1,9,1,0.845360824742268,97,0.5736189695757832,0.06604404588098246,95.0,1
33,Sart1,12,1,0.26804123711340205,97,0.4718280558863664,0.047001428557176136,97.0,0
33,Sart1,13,0,0.2268041237113402,97,0.4696086586946242,0.04921704848380201,94.0,0
33,Sart1,14,1,0.09278350515463918,97,0.4292285856365953,0.04917419606418325,98.0,0
33,Sart1,15,1,0.8041237113402062,97,0.5445205330630936,0.047303065095655975,99.0,1
33,Sart2,1,1,0.9278350515463918,97,0.5546462053095499,0.03849506116668614,97.0,1
33,Sart2,2,1,0.9484536082474226,97,0.586349579324445,0.05478643454704606,98.0,1
33,Sart2,3,1,0.5567010309278351,97,0.5138283928260963,0.04699943932181487,97.0,1
33,Sart2,6,0,1.0,97,0.6359110571697356,0.03774879386009936,46.0,1
33,Sart2,9,0,0.23711340206185566,97,0.46579713442175896,0.04745240711784981,91.0,0
33,Sart2,11,1,0.12371134020618557,97,0.4497880698356427,0.04819150728494993,95.0,0
33,Sart2,14,0,0.38144329896907214,97,0.48726231272887616,0.05423668431549804,97.0,0
33,Sart2,15,1,0.6494845360824743,97,0.5246572566171164,0.055410052224859487,77.0,1
33,Sart3,1,1,0.16494845360824742,97,0.445356381348068,0.057383372434618364,99.0,0
33,Sart3,3,1,0.061855670103092786,97,0.426972113906888,0.04268712655889479,97.0,0
33,Sart3,4,1,0.0,97,0.3788200801008435,0.04907789594800723,99.0,0
33,Sart3,5,1,0.09278350515463918,97,0.4308363790328937,0.05180319884049181,99.0,0
33,Sart3,7,1,0.979381443298969,97,0.5673203139060708,0.037553459986046867,99.0,1
33,Sart3,8,0,0.9896907216494846,97,0.5791668243066055,0.03564132238256615,0.0,1
33,Sart3,12,0,0.4536082474226804,97,0.4919747442701125,0.04866302984952707,94.0,0
33,Sart3,15,0,0.010309278350515464,97,0.40040145738969796,0.05109395899191208,22.0,0
33,Sart4,3,0,0.0,97,0.3749821075511099,0.04007550624926512,66.0,0
33,Sart4,4,0,0.08247422680412371,97,0.4276190187341015,0.05791441385559167,60.0,0
33,Sart4,6,0,0.8350515463917526,97,0.5404002988732213,0.03950466198923137,90.0,1
33,Sart4,7,0,0.8144329896907216,97,0.5430607333125941,0.053007671630732695,81.0,1
33,Sart4,8,0,0.15463917525773196,97,0.4538706639819714,0.04417244284729605,85.0,0
33,Sart4,9,1,0.2268041237113402,97,0.46211989269528675,0.05288457770350825,99.0,0
33,Sart4,10,0,0.31958762886597936,97,0.4795848073080915,0.04840329610951207,22.0,0
33,Sart4,12,1,0.0,97,0.3430073024951582,0.05371591344031042,96.0,0
33,Sart4,14,1,0.030927835051546393,97,0.418559047809596,0.04376809888653813,78.0,0
33,Sart4,15,0,0.18556701030927836,97,0.4567129214722982,0.045837641179940214,79.0,0
35,Sart1,1,1,0.4742268041237113,97,0.493758729739455,0.05311654735444445,86.0,0
35,Sart1,2,1,0.5979381443298969,97,0.5099781210945992,0.03852778697059741,89.0,1
35,Sart1,3,1,0.15463917525773196,97,0.43845666091969177,0.05883920153729697,96.0,0
35,Sart1,5,1,0.6082474226804123,97,0.5133261851381745,0.046434341359495895,85.0,1
35,Sart1,6,0,0.7319587628865979,97,0.5573821295282819,0.0827570779965334,50.0,1
35,Sart1,9,1,0.12371134020618557,97,0.45680368789936476,0.039184626595632426,87.0,0
35,Sart1,10,0,0.1958762886597938,97,0.458945789449961,0.04427959626989449,70.0,0
35,Sart1,12,0,0.9278350515463918,97,0.5754247134822688,0.04766308608817659,72.0,1
35,Sart1,13,1,0.7010309278350515,97,0.5289709686832383,0.05267981772209134,88.0,1
35,Sart1,15,1,0.18556701030927836,97,0.46160422544903873,0.0418858295565335,81.0,0
35,Sart2,1,0,0.14432989690721648,97,0.4516866195144906,0.04787519268065311,69.0,0
35,Sart2,3,0,0.4329896907216495,97,0.4853201184165908,0.05630003005704427,51.0,0
35,Sart2,4,0,0.4639175257731959,97,0.49709767500337826,0.04048126063214515,64.0,0
35,Sart2,6,0,0.8350515463917526,97,0.554321773510257,0.05567087441700692,69.0,1
35,Sart2,9,1,0.0,97,0.39697492758723313,0.045475855960044144,80.0,0
35,Sart2,10,1,0.4845360824742268,97,0.49043161201531493,0.05382502399196352,80.0,0
35,Sart2,15,0,0.6185567010309279,97,0.5183110216318483,0.055455396097991515,68.0,1
35,Sart3,6,0,0.8556701030927835,97,0.5466698916418804,0.043640644458205556,65.0,1
35,Sart3,7,0,0.020618556701030927,97,0.4277013382670674,0.036425364758046586,69.0,0
35,Sart3,8,0,0.29896907216494845,97,0.46893982477237633,0.05823733988425479,70.0,0
35,Sart3,10,0,0.12371134020618557,97,0.4554858358598651,0.042276258149208726,69.0,0
35,Sart3,13,1,0.8041237113402062,97,0.5382131312101002,0.04492474564387125,80.0,1
35,Sart3,15,1,0.09278350515463918,97,0.4299224988781042,0.05219015182721633,81.0,0
35,Sart4,2,1,0.24742268041237114,97,0.46825986458294255,0.05229645421391508,80.0,0
35,Sart4,5,1,0.13402061855670103,97,0.4415741341848584,0.04698261474043343,81.0,0
35,Sart4,7,0,0.5463917525773195,97,0.5019847238184046,0.040919071861930105,71.0,1
35,Sart4,9,0,0.4639175257731959,97,0.4970471395908217,0.06271588936161906,74.0,0
35,Sart4,11,0,0.18556701030927836,97,0.45615966224974575,0.051378262769092166,71.0,0
37,Sart1,1,1,1.0,97,0.6596550837916425,0.04455497637276691,99.0,1
37,Sart1,2,1,0.7422680412371134,97,0.5364499771439634,0.06240172702506353,99.0,1
37,Sart1,3,1,0.9896907216494846,97,0.5896398474448358,0.04331291171780632,98.0,1
37,Sart1,4,1,0.8762886597938144,97,0.5722808190613591,0.0634364565751281,82.0,1
37,Sart1,5,0,1.0,97,0.6727883007825076,0.044015100130997166,49.0,1
37,Sart1,6,1,0.9896907216494846,97,0.6096841498591944,0.05331553518448056,99.0,1
37,Sart1,7,1,0.18556701030927836,97,0.4576265323963082,0.04691839551415331,80.0,0
37,Sart1,8,0,0.9896907216494846,97,0.6258334993564015,0.04425078402662983,33.0,1
37,Sart1,10,0,1.0,97,0.6446610073033507,0.04998965254019831,49.0,1
37,Sart1,12,1,0.9175257731958762,97,0.5955771042615263,0.06152691445804924,94.0,1
37,Sart1,13,0,1.0,97,0.649295162074882,0.05327006397644293,48.0,1
37,Sart1,14,0,1.0,97,0.6133425623226775,0.0370715157268663,23.0,1
37,Sart1,15,0,0.9072164948453608,97,0.5637100675062434,0.04657863404133162,6.0,1
37,Sart2,1,1,0.8762886597938144,97,0.5790284035411766,0.06605812333193574,84.0,1
37,Sart2,3,1,0.865979381443299,97,0.5586748576211661,0.05365304087084313,87.0,1
37,Sart2,4,1,0.9381443298969072,97,0.5959576701394612,0.05835899489945325,48.0,1
37,Sart2,6,1,0.3711340206185567,97,0.4943553819155535,0.05024537626520517,82.0,0
37,Sart2,7,1,0.6185567010309279,97,0.5166615935524876,0.04706177675778702,92.0,1
37,Sart2,8,1,0.7422680412371134,97,0.5354354640289622,0.0536278532914184,49.0,1
37,Sart2,10,0,1.0,97,0.6559479729014391,0.04267881265310389,29.0,1
37,Sart2,13,0,0.5979381443298969,97,0.513331740278505,0.050156599809425204,21.0,1
37,Sart2,14,0,0.8350515463917526,97,0.565192932556055,0.06226509294626691,47.0,1
37,Sart2,15,1,0.0,97,0.34081263926179733,0.052925081054245524,75.0,0
37,Sart3,1,1,1.0,97,0.6154588377227095,0.04001609247874648,90.0,1
37,Sart3,2,1,0.3917525773195876,97,0.48945878425186395,0.05685812522331542,84.0,0
37,Sart3,3,1,0.010309278350515464,97,0.39369560356906724,0.045673315065248916,93.0,0
37,Sart3,5,1,0.010309278350515464,97,0.3877074984482893,0.05435565219888803,79.0,0
37,Sart3,6,0,0.6288659793814433,97,0.5171311585255071,0.05485548664370114,50.0,1
37,Sart3,7,1,0.9896907216494846,97,0.6189547562846636,0.042220008480174334,88.0,1
37,Sart3,8,1,0.4845360824742268,97,0.49538827840258487,0.04410216153329072,85.0,0
37,Sart3,9,1,0.29896907216494845,97,0.4848644526094561,0.04462063294050808,87.0,0
37,Sart3,10,1,0.9278350515463918,97,0.5662767151458811,0.0429606288736086,87.0,1
37,Sart3,11,1,0.6494845360824743,97,0.5299390874532312,0.061331337283474216,90.0,1
37,Sart3,12,1,0.8247422680412371,97,0.5562017866981451,0.0554626437688376,87.0,1
37,Sart3,13,0,0.9175257731958762,97,0.5972975932752261,0.0673961768599999,18.0,1
37,Sart3,15,0,0.0,97,0.35404259644944724,0.04891674534344342,6.0,0
37,Sart4,1,0,0.31958762886597936,97,0.4817419319198376,0.05356960459678332,47.0,0
37,Sart4,2,0,0.31958762886597936,97,0.4748222930244241,0.05428350257594042,21.0,0
37,Sart4,3,0,0.26804123711340205,97,0.4711815258143411,0.05356396038519731,29.0,0
37,Sart4,4,0,0.0,97,0.29567432046538267,0.05027807538901007,46.0,0
37,Sart4,5,0,0.14432989690721648,97,0.44113625028083914,0.058444001159396464,27.0,0
37,Sart4,6,0,0.44329896907216493,97,0.48861338201815036,0.055155722595589554,21.0,0
37,Sart4,7,0,0.3917525773195876,97,0.4877593411211852,0.05611165662731796,18.0,0
37,Sart4,8,0,0.0,97,0.34731597417337967,0.05188012303558113,17.0,0
37,Sart4,9,0,0.0,97,0.2551309613404435,0.047402123798792925,10.0,0
37,Sart4,10,0,0.0,97,0.2602059954688551,0.048611208044548715,11.0,0
37,Sart4,11,0,0.0,97,0.2908138918385786,0.04883652414855676,18.0,0
37,Sart4,12,0,0.0,97,0.22246303597277226,0.046309524067794386,15.0,0
37,Sart4,14,0,0.41237113402061853,97,0.48733957137249845,0.051044587278851444,10.0,0
38,Sart1,1,0,0.2268041237113402,97,0.4498812509197748,0.05636941772037538,51.0,0
38,Sart1,2,0,0.41237113402061853,97,0.49204923644341125,0.04144323557694779,49.0,0
38,Sart1,3,0,0.08247422680412371,97,0.4326896666696127,0.05267284617597802,48.0,0
38,Sart1,4,0,0.5257731958762887,97,0.5064141155935711,0.056613224025471955,48.0,1
38,Sart1,5,0,0.25773195876288657,97,0.47212600939296767,0.04459631134190534,49.0,0
38,Sart1,6,0,0.08247422680412371,97,0.44000380578251047,0.04387800977315238,44.0,0
38,Sart1,9,0,0.9072164948453608,97,0.5703949466858607,0.054655296550921634,44.0,1
38,Sart1,10,1,0.4329896907216495,97,0.4841860410815405,0.05910044913372091,69.0,0
38,Sart1,11,1,0.0,97,0.3712617192486941,0.04206146793807611,70.0,0
38,Sart1,12,1,0.30927835051546393,97,0.47846957416960106,0.05321238159315702,77.0,0
38,Sart1,13,1,0.31958762886597936,97,0.480676225632488,0.04975089690658062,76.0,0
38,Sart1,14,1,0.0,97,0.3066711216785451,0.05054921053123974,76.0,0
38,Sart1,15,0,0.17525773195876287,97,0.4187254477372941,0.07096897785916442,45.0,0
38,Sart2,1,1,0.7422680412371134,97,0.5380023172421904,0.06151175713062264,73.0,1
38,Sart2,2,1,0.010309278350515464,97,0.3792452919276778,0.05170779950606076,72.0,0
38,Sart2,3,1,0.7835051546391752,97,0.55207907818667,0.0635348837102002,88.0,1
38,Sart2,4,1,0.5360824742268041,97,0.4992653641498421,0.04805141897857352,77.0,0
38,Sart2,5,0,0.6391752577319587,97,0.5177213949772144,0.05352064308967526,19.0,1
38,Sart2,6,0,0.8041237113402062,97,0.5433100977037099,0.05878543438689723,19.0,1
38,Sart2,7,0,0.3402061855670103,97,0.468383165429514,0.059076435645054354,18.0,0
38,Sart2,8,1,0.13402061855670103,97,0.44369584105940707,0.048031231716344595,73.0,0
38,Sart2,10,0,0.35051546391752575,97,0.481102390426735,0.052621734518436346,19.0,0
38,Sart2,12,0,0.7010309278350515,97,0.529175646055256,0.04896641517252068,23.0,1
38,Sart2,13,0,0.27835051546391754,97,0.4702964641953179,0.04746865429901669,42.0,0
38,Sart2,14,0,0.7525773195876289,97,0.5441954592976366,0.059489748810234507,47.0,1
38,Sart2,15,1,0.0,97,0.3701552218440262,0.0447074601812644,67.0,0
38,Sart3,1,1,0.4329896907216495,97,0.48754242333411096,0.05573274390969618,86.0,0
38,Sart3,2,0,0.44329896907216493,97,0.4908117869340461,0.054397128643696106,48.0,0
38,Sart3,3,1,0.8762886597938144,97,0.5632418781909132,0.06042932558648198,72.0,1
38,Sart3,4,1,0.3402061855670103,97,0.47510463194794406,0.048447105489154554,71.0,0
38,Sart3,5,1,0.7319587628865979,97,0.5341762564876007,0.054224087228276895,75.0,1
38,Sart3,6,0,0.865979381443299,97,0.5717668262825695,0.05697342350562261,48.0,1
38,Sart3,7,1,0.9587628865979382,97,0.6195407141864618,0.0576029313290893,63.0,1
38,Sart3,8,0,0.10309278350515463,97,0.4316121606609695,0.05311559879680063,49.0,0
38,Sart3,9,0,0.16494845360824742,97,0.45011284517619715,0.0565377638280832,24.0,0
38,Sart3,10,1,0.25773195876288657,97,0.45414988371669296,0.057415280942932724,67.0,0
38,Sart3,13,1,0.23711340206185566,97,0.4589400842369793,0.06210470063782907,70.0,0
38,Sart3,15,0,0.20618556701030927,97,0.45490558852385643,0.05211441303564698,49.0,0
40,Sart1,1,0,0.5979381443298969,97,0.5154554646264156,0.05264072586867897,75.0,1
40,Sart1,2,0,0.6701030927835051,97,0.5266058533289244,0.061060445321147426,74.0,1
40,Sart1,5,1,0.865979381443299,97,0.5775804496509424,0.0611226249060341,82.0,1
40,Sart1,6,1,0.9587628865979382,97,0.6000924197081741,0.05452301242440596,85.0,1
40,Sart1,7,1,0.9690721649484536,97,0.5994249192980607,0.05435962689311377,91.0,1
40,Sart1,9,1,1.0,97,0.6331951499892352,0.06037265349844158,86.0,1
40,Sart1,11,1,0.9896907216494846,97,0.6300148321177506,0.05170611942064019,83.0,1
40,Sart1,13,1,1.0,97,0.7234902610711847,0.05049097173794338,87.0,1
40,Sart1,14,1,1.0,97,0.7101018823357579,0.05509127062437696,85.0,1
40,Sart1,15,0,0.9690721649484536,97,0.5973447976127255,0.04868333552984185,73.0,1
40,Sart2,1,1,0.061855670103092786,97,0.40924950893340817,0.05668649446987041,97.0,0
40,Sart2,3,0,0.8762886597938144,97,0.5619247472558686,0.05974729948088242,48.0,1
40,Sart2,11,1,1.0,97,0.7216142697551104,0.05302411599974307,76.0,1
40,Sart2,13,1,1.0,97,0.707705174309124,0.05440566766996953,84.0,1
40,Sart2,14,1,0.7835051546391752,97,0.5382143254087777,0.054836690243546746,86.0,1
40,Sart2,15,0,0.0,97,0.3743987644144804,0.055498486275412054,67.0,0
40,Sart3,3,0,0.6288659793814433,97,0.5029184062614772,0.08075369686847682,74.0,1
40,Sart3,4,0,0.010309278350515464,97,0.31719791070847153,0.06088626979900953,69.0,0
40,Sart3,6,0,0.28865979381443296,97,0.4725691447821116,0.058386106057967166,50.0,0
40,Sart3,8,0,0.0,97,0.36131061345563453,0.05183637295215254,73.0,0
40,Sart3,11,1,0.010309278350515464,97,0.37669514843462704,0.06840956094606947,83.0,0
40,Sart3,12,1,0.0,97,0.36114873589155677,0.055738952030327714,88.0,0
40,Sart4,3,1,0.0,97,0.29032191493696846,0.05653045187658433,89.0,0
40,Sart4,7,0,0.08247422680412371,97,0.39737898910462144,0.06898790608343659,68.0,0
40,Sart4,8,0,0.4639175257731959,97,0.4897386560373635,0.06758927738389807,61.0,0
41,Sart1,1,0,0.4020618556701031,97,0.47211781690721094,0.06734960807653244,74.0,0
41,Sart1,5,1,0.14432989690721648,97,0.38870064816090616,0.08953406653278385,88.0,0
41,Sart1,6,1,0.041237113402061855,97,0.3688083775044447,0.0772736830751463,92.0,0
41,Sart1,8,0,0.4948453608247423,97,0.4937779002342688,0.08609701751446504,60.0,0
41,Sart1,11,0,0.9690721649484536,97,0.6157434126373434,0.06105394816580456,66.0,1
41,Sart1,12,0,0.5567010309278351,97,0.5010300092681278,0.06076609469930185,43.0,1
41,Sart1,13,0,0.8865979381443299,97,0.5851625167288009,0.06327970084923304,69.0,1
41,Sart1,14,1,0.5051546391752577,97,0.5119955713192799,0.08839756957709494,84.0,1
41,Sart1,15,1,0.3402061855670103,97,0.485557254651724,0.047864724624180316,81.0,0
41,Sart2,2,1,0.9381443298969072,97,0.5948243509733635,0.049730185107717984,71.0,1
41,Sart2,3,1,0.9278350515463918,97,0.5789815065058832,0.04809503566548957,85.0,1
41,Sart2,4,0,0.8041237113402062,97,0.570291249035196,0.06867020358857724,61.0,1
41,Sart2,5,0,0.5463917525773195,97,0.4990983946154467,0.07275448894571952,29.0,0
41,Sart2,8,0,0.5876288659793815,97,0.5069321627640422,0.05924914135476835,26.0,1
41,Sart2,13,1,0.5670103092783505,97,0.5092023036960691,0.04907880671195383,85.0,1
41,Sart2,14,1,0.7525773195876289,97,0.5510810597986203,0.07168179915036477,75.0,1
41,Sart3,7,1,0.0,97,0.3405824556151063,0.056980166664092974,78.0,0
41,Sart3,8,1,0.3917525773195876,97,0.4902826712461047,0.052020635839411355,76.0,0
41,Sart3,9,0,0.9381443298969072,97,0.5797072547893506,0.054896919171975644,36.0,1
41,Sart3,10,0,0.9587628865979382,97,0.5838450411127354,0.04583141981245822,62.0,1
41,Sart3,11,1,0.7938144329896907,97,0.5463712822134736,0.06270694741240812,77.0,1
41,Sart3,12,1,0.4742268041237113,97,0.495234185176597,0.046059884291596014,80.0,0
41,Sart3,13,1,0.41237113402061853,97,0.4866513809376995,0.04344560434795774,77.0,0
41,Sart3,14,1,0.3711340206185567,97,0.47830080196220104,0.06961720711578262,76.0,0
41,Sart3,15,0,0.8247422680412371,97,0.5573717460974412,0.059419093422868496,33.0,1
41,Sart4,1,0,0.9587628865979382,97,0.5911885212736,0.0522363902222107,73.0,1
41,Sart4,3,1,0.7628865979381443,97,0.5461926166432376,0.04735758503002543,69.0,1
41,Sart4,4,0,0.9381443298969072,97,0.5912283048230167,0.05730106341173342,62.0,1
41,Sart4,6,1,0.5154639175257731,97,0.5029190289430278,0.06302461226595207,69.0,1
41,Sart4,7,0,0.8350515463917526,97,0.5495016250803112,0.05592098247560934,45.0,1
41,Sart4,9,1,0.8041237113402062,97,0.5422374725016834,0.04557953520916627,77.0,1
41,Sart4,10,0,0.5773195876288659,97,0.5134484362315228,0.06431301709635946,46.0,1
41,Sart4,11,1,0.7319587628865979,97,0.5417856101968826,0.06721767540664833,81.0,1
41,Sart4,13,1,0.24742268041237114,97,0.4679311495839432,0.05688844492822821,79.0,0
41,Sart4,14,1,0.7319587628865979,97,0.5431517185881529,0.06930296396791909,83.0,1
41,Sart4,15,0,0.9896907216494846,97,0.6323076188036558,0.05641100761057388,35.0,1
42,Sart1,1,1,0.9381443298969072,97,0.5577958866042575,0.038624889592619165,84.0,1
42,Sart1,2,1,0.1958762886597938,97,0.45898535744991137,0.04664795381238196,91.0,0
42,Sart1,3,1,0.845360824742268,97,0.53668082110938,0.03792733808572442,85.0,1
42,Sart1,7,0,0.09278350515463918,97,0.43968109907505876,0.0466639698417132,65.0,0
42,Sart1,8,0,0.8350515463917526,97,0.5500000540616358,0.048876641212045,63.0,1
42,Sart1,10,1,0.0,97,0.36989301246138967,0.04519115674234135,83.0,0
42,Sart1,11,0,0.7319587628865979,97,0.5265602665469653,0.04467025621817855,67.0,1
42,Sart1,14,1,0.3917525773195876,97,0.4868444659181999,0.0480777943213446,79.0,0
42,Sart1,15,1,0.24742268041237114,97,0.4610461032721799,0.05434843897242693,82.0,0
42,Sart2,1,1,0.27835051546391754,97,0.47074096223966744,0.05677426768138473,80.0,0
42,Sart2,2,1,0.9381443298969072,97,0.5799562332534631,0.0616350618402381,85.0,1
42,Sart2,3,1,0.5670103092783505,97,0.5076028679774277,0.038445360844341095,86.0,1
42,Sart2,4,0,0.24742268041237114,97,0.4767881773002488,0.04434260801103866,47.0,0
42,Sart2,7,0,0.9690721649484536,97,0.5769581879063138,0.04746742158137667,56.0,1
42,Sart2,8,0,0.9690721649484536,97,0.5801334796604843,0.04301158841018914,64.0,1
42,Sart2,9,0,0.29896907216494845,97,0.4827126746968647,0.03966952058441162,67.0,0
42,Sart2,11,0,0.0,97,0.40255687819267444,0.03339435258538669,66.0,0
42,Sart3,4,1,0.9587628865979382,97,0.5700126720229788,0.040250575432270695,83.0,1
42,Sart3,7,0,0.9278350515463918,97,0.5628469476243076,0.045177011549797995,55.0,1
42,Sart3,9,1,0.6804123711340206,97,0.5198931236614768,0.0460712745893091,84.0,1
42,Sart3,13,0,0.3917525773195876,97,0.48786853145048525,0.048551747224555464,58.0,0
42,Sart3,15,0,0.9587628865979382,97,0.5917220119526377,0.04638928621220742,42.0,1
42,Sart4,1,1,0.9587628865979382,97,0.5771458612925864,0.05326179667676791,83.0,1
42,Sart4,2,0,1.0,97,0.610405208989244,0.04454507167974333,67.0,1
42,Sart4,3,1,0.8865979381443299,97,0.5494666052004609,0.04259762024925112,84.0,1
42,Sart4,4,0,1.0,97,0.6447752583044157,0.04119093225571121,65.0,1
42,Sart4,9,1,0.8144329896907216,97,0.543804233885933,0.04484106429244999,85.0,1
42,Sart4,11,0,0.28865979381443296,97,0.4722162985375929,0.04800616567935174,68.0,0
42,Sart4,13,1,0.6804123711340206,97,0.5204295314625761,0.04022838786334552,79.0,1
42,Sart4,15,1,0.9072164948453608,97,0.567862131372837,0.049116791409131375,80.0,1
43,Sart1,1,0,0.0,97,0.28701554355211445,0.05249243306681661,88.0,0
43,Sart1,2,0,0.0,97,0.2509506116959377,0.054124354578892,82.0,0
43,Sart1,4,0,0.0,97,0.30702422816763675,0.054669351064825275,84.0,0
43,Sart1,15,0,0.020618556701030927,97,0.4119660533494917,0.04300805355191226,85.0,0
43,Sart2,3,0,0.979381443298969,97,0.5996064078222265,0.05037169165057966,83.0,1
43,Sart2,4,0,0.0,97,0.31617148461954747,0.048891118794793124,89.0,0
43,Sart2,12,1,0.0,97,0.34065000609391516,0.03726782105735135,97.0,0
43,Sart2,13,1,0.7010309278350515,97,0.524664636761197,0.05167272966083449,97.0,1
43,Sart2,15,1,0.6804123711340206,97,0.5231429711637756,0.04797946995617785,97.0,1
43,Sart3,5,1,0.23711340206185566,97,0.47033861184717923,0.03970816020001702,97.0,0
43,Sart3,6,1,0.0,97,0.4070435945509072,0.04054682893314191,97.0,0
43,Sart3,8,0,0.0,97,0.2998901548541266,0.048316086465048154,84.0,0
43,Sart4,1,0,0.0,97,0.270243763913869,0.04656018841957514,87.0,0
43,Sart4,6,0,0.8247422680412371,97,0.5649058331250333,0.06208543208898397,85.0,1
43,Sart4,11,0,1.0,97,0.6611460925394274,0.04533150014212448,92.0,1
43,Sart4,12,0,0.9278350515463918,97,0.5575769043127525,0.043215094845682124,52.0,1
43,Sart4,13,0,0.0,97,0.3347289936547988,0.06674274024171231,78.0,0
