feature_name,selected_row_frac,included
kolmogorov_complexity_mean_central_mid_trimmean,0.8335170893054025,True
kolmogorov_complexity_mean_posterior_left_trimmean,0.8335170893054025,False
N1_mean_occipitoparietal_lateral_trimmean,0.8224917309812569,False
psd_relative_theta_mean_posterior_left_trimmean,0.8180815876515987,False
wsmi_beta_mean_posterior_right_trimmean,0.8103638368246968,True
kolmogorov_complexity_mean_posterior_mid_trimmean,0.8103638368246968,True
wsmi_alpha_mean_frontal_mid_trimmean,0.8103638368246968,False
psd_relative_beta_mean_posterior_mid_trimmean,0.8070562293274531,False
PE_theta_mean_central_right_trimmean,0.802646085997795,True
psd_relative_gamma_mean_frontal_right_trimmean,0.8004410143329658,False
kolmogorov_complexity_mean_frontal_right_trimmean,0.8004410143329658,True
psd_relative_delta_mean_central_mid_trimmean,0.7993384785005513,True
PE_theta_mean_frontal_mid_trimmean,0.7982359426681367,True
wsmi_alpha_mean_posterior_mid_trimmean,0.7971334068357222,False
PE_gamma_mean_posterior_right_trimmean,0.794928335170893,False
wsmi_beta_mean_central_left_trimmean,0.7927232635060639,True
PE_beta_mean_posterior_mid_trimmean,0.7916207276736494,False
wsmi_theta_mean_frontal_right_trimmean,0.7916207276736494,False
psd_relative_theta_mean_central_right_trimmean,0.7883131201764058,True
wsmi_alpha_mean_central_right_trimmean,0.7850055126791621,False
wsmi_gamma_mean_posterior_left_trimmean,0.7850055126791621,True
kolmogorov_complexity_mean_central_right_trimmean,0.7839029768467475,False
psd_relative_beta_mean_central_mid_trimmean,0.782800441014333,True
psd_relative_delta_mean_central_right_trimmean,0.7805953693495039,False
psd_relative_gamma_mean_posterior_mid_trimmean,0.7772877618522602,False
PE_gamma_mean_frontal_mid_trimmean,0.7750826901874311,True
wsmi_gamma_mean_central_left_trimmean,0.7739801543550165,False
psd_relative_alpha_mean_central_left_trimmean,0.7739801543550165,False
psd_relative_delta_mean_central_left_trimmean,0.7717750826901875,False
psd_relative_theta_mean_central_mid_trimmean,0.7717750826901875,False
psd_relative_beta_mean_central_left_trimmean,0.7706725468577729,True
psd_relative_alpha_mean_frontal_mid_trimmean,0.7684674751929438,False
psd_relative_gamma_mean_frontal_left_trimmean,0.7684674751929438,False
wsmi_alpha_mean_posterior_right_trimmean,0.7662624035281147,False
kolmogorov_complexity_mean_frontal_left_trimmean,0.7651598676957001,True
psd_relative_gamma_mean_central_left_trimmean,0.7640573318632855,True
psd_relative_delta_mean_frontal_mid_trimmean,0.7640573318632855,False
wsmi_theta_mean_frontal_mid_trimmean,0.762954796030871,False
PE_beta_mean_central_left_trimmean,0.7618522601984564,False
psd_relative_gamma_mean_posterior_left_trimmean,0.7607497243660419,False
kolmogorov_complexity_mean_frontal_mid_trimmean,0.7607497243660419,False
slowwaves_Density_mean_frontal_left_trimmean,0.7607497243660419,False
wsmi_alpha_mean_frontal_left_trimmean,0.7596471885336273,False
PE_theta_mean_central_mid_trimmean,0.7585446527012127,False
wsmi_theta_mean_frontal_left_trimmean,0.7585446527012127,False
psd_relative_gamma_mean_central_right_trimmean,0.7563395810363837,False
wsmi_alpha_mean_frontal_right_trimmean,0.7563395810363837,False
wsmi_beta_mean_frontal_right_trimmean,0.7541345093715546,True
psd_relative_beta_mean_frontal_left_trimmean,0.75303197353914,False
wsmi_alpha_mean_posterior_left_trimmean,0.7519294377067255,False
slowwaves_PTP_mean_frontal_left_trimmean,0.7519294377067255,False
wsmi_alpha_mean_central_left_trimmean,0.7508269018743109,False
slowwaves_Density_mean_frontal_right_trimmean,0.7475192943770672,False
psd_relative_beta_mean_posterior_left_trimmean,0.7464167585446527,False
psd_relative_gamma_mean_frontal_mid_trimmean,0.7464167585446527,False
slowwaves_Frequency_mean_central_right_trimmean,0.7442116868798236,False
slowwaves_Slope_mean_frontal_right_trimmean,0.743109151047409,True
wsmi_beta_mean_posterior_mid_trimmean,0.743109151047409,False
PE_alpha_mean_frontal_left_trimmean,0.7420066152149944,False
psd_relative_theta_mean_frontal_right_trimmean,0.7420066152149944,False
PE_theta_mean_frontal_right_trimmean,0.7420066152149944,False
PE_theta_mean_posterior_right_trimmean,0.7398015435501654,False
psd_relative_theta_mean_central_left_trimmean,0.7386990077177509,False
psd_relative_alpha_mean_frontal_right_trimmean,0.7375964718853363,False
wsmi_alpha_mean_central_mid_trimmean,0.7375964718853363,False
psd_relative_alpha_mean_posterior_mid_trimmean,0.7364939360529217,False
slowwaves_Frequency_mean_frontal_right_trimmean,0.7353914002205072,False
PE_beta_mean_frontal_mid_trimmean,0.7353914002205072,False
PE_gamma_mean_posterior_mid_trimmean,0.7353914002205072,False
kolmogorov_complexity_mean_central_left_trimmean,0.7331863285556781,True
wsmi_gamma_mean_central_right_trimmean,0.7309812568908489,False
psd_relative_theta_mean_frontal_left_trimmean,0.7309812568908489,False
slowwaves_PTP_mean_central_mid_trimmean,0.7309812568908489,False
PE_alpha_mean_posterior_right_trimmean,0.7309812568908489,False
wsmi_theta_mean_posterior_right_trimmean,0.7309812568908489,False
wsmi_gamma_mean_posterior_right_trimmean,0.7309812568908489,False
PE_alpha_mean_central_left_trimmean,0.7298787210584344,False
PE_beta_mean_central_right_trimmean,0.7298787210584344,False
slowwaves_Duration_mean_frontal_mid_trimmean,0.7298787210584344,False
psd_relative_alpha_mean_posterior_left_trimmean,0.7287761852260198,False
psd_relative_beta_mean_frontal_mid_trimmean,0.7287761852260198,True
wsmi_beta_mean_central_right_trimmean,0.7276736493936052,False
P1_mean_occipitoparietal_lateral_trimmean,0.7276736493936052,False
psd_relative_delta_mean_posterior_mid_trimmean,0.7254685777287762,False
psd_relative_theta_mean_frontal_mid_trimmean,0.7254685777287762,False
psd_relative_theta_mean_posterior_right_trimmean,0.7221609702315325,False
slowwaves_PTP_mean_central_right_trimmean,0.7221609702315325,False
psd_relative_gamma_mean_central_mid_trimmean,0.7199558985667034,False
wsmi_gamma_mean_frontal_right_trimmean,0.7188533627342889,False
PE_alpha_mean_central_right_trimmean,0.7188533627342889,False
PE_alpha_mean_frontal_right_trimmean,0.7177508269018743,False
PE_alpha_mean_posterior_mid_trimmean,0.7155457552370452,False
psd_relative_theta_mean_posterior_mid_trimmean,0.7155457552370452,False
slowwaves_Duration_mean_central_mid_trimmean,0.7144432194046306,False
psd_relative_beta_mean_frontal_right_trimmean,0.7144432194046306,False
slowwaves_Slope_mean_central_mid_trimmean,0.7144432194046306,False
PE_gamma_mean_central_left_trimmean,0.7144432194046306,False
PE_alpha_mean_posterior_left_trimmean,0.7133406835722161,False
psd_relative_alpha_mean_central_mid_trimmean,0.7133406835722161,False
P3b_mean_centroparietal_midline_trimmean,0.7122381477398015,False
slowwaves_PTP_mean_central_left_trimmean,0.7100330760749725,False
PE_gamma_mean_central_right_trimmean,0.7089305402425579,False
PE_beta_mean_posterior_right_trimmean,0.7078280044101434,False
wsmi_beta_mean_central_mid_trimmean,0.7067254685777288,False
slowwaves_Slope_mean_frontal_left_trimmean,0.7067254685777288,False
PE_gamma_mean_central_mid_trimmean,0.7067254685777288,False
psd_relative_delta_mean_posterior_right_trimmean,0.7067254685777288,False
wsmi_gamma_mean_central_mid_trimmean,0.7056229327453142,False
PE_beta_mean_frontal_right_trimmean,0.6990077177508269,False
PE_gamma_mean_posterior_left_trimmean,0.6979051819184123,False
wsmi_theta_mean_central_left_trimmean,0.6979051819184123,False
slowwaves_Frequency_mean_central_left_trimmean,0.6957001102535832,True
wsmi_theta_mean_posterior_mid_trimmean,0.6945975744211687,False
PE_alpha_mean_frontal_mid_trimmean,0.6934950385887542,False
PE_gamma_mean_frontal_right_trimmean,0.6934950385887542,False
psd_relative_alpha_mean_posterior_right_trimmean,0.6934950385887542,False
slowwaves_Density_mean_posterior_mid_trimmean,0.6934950385887542,False
wsmi_gamma_mean_posterior_mid_trimmean,0.6934950385887542,False
wsmi_gamma_mean_frontal_left_trimmean,0.6934950385887542,False
psd_relative_beta_mean_central_right_trimmean,0.6912899669239251,False
wsmi_theta_mean_central_right_trimmean,0.6901874310915105,False
wsmi_beta_mean_frontal_mid_trimmean,0.6901874310915105,False
slowwaves_Frequency_mean_central_mid_trimmean,0.6890848952590959,False
PE_theta_mean_central_left_trimmean,0.6846747519294377,False
slowwaves_Slope_mean_central_left_trimmean,0.6835722160970231,False
P3a_mean_frontocentral_midline_trimmean,0.6824696802646086,False
PE_theta_mean_posterior_left_trimmean,0.6824696802646086,False
slowwaves_Duration_mean_central_right_trimmean,0.6824696802646086,False
wsmi_theta_mean_posterior_left_trimmean,0.681367144432194,False
slowwaves_PTP_mean_posterior_mid_trimmean,0.6747519294377067,False
wsmi_gamma_mean_frontal_mid_trimmean,0.6736493936052922,False
slowwaves_Slope_mean_posterior_left_trimmean,0.6725468577728776,False
kolmogorov_complexity_mean_posterior_right_trimmean,0.6725468577728776,False
PE_beta_mean_frontal_left_trimmean,0.6692392502756339,False
PE_beta_mean_central_mid_trimmean,0.6681367144432194,False
psd_relative_gamma_mean_posterior_right_trimmean,0.6670341786108048,False
slowwaves_PTP_mean_frontal_right_trimmean,0.6637265711135611,False
PE_beta_mean_posterior_left_trimmean,0.6626240352811467,False
psd_relative_alpha_mean_central_right_trimmean,0.6626240352811467,False
slowwaves_PTP_mean_frontal_mid_trimmean,0.6615214994487321,False
psd_relative_delta_mean_frontal_right_trimmean,0.6604189636163176,False
PE_gamma_mean_frontal_left_trimmean,0.6604189636163176,False
PE_theta_mean_frontal_left_trimmean,0.6604189636163176,False
wsmi_theta_mean_central_mid_trimmean,0.6582138919514884,False
slowwaves_Slope_mean_central_right_trimmean,0.6538037486218302,False
slowwaves_Duration_mean_posterior_left_trimmean,0.6538037486218302,False
wsmi_beta_mean_posterior_left_trimmean,0.6527012127894156,False
slowwaves_Slope_mean_posterior_right_trimmean,0.6504961411245865,False
wsmi_beta_mean_frontal_left_trimmean,0.6504961411245865,False
PE_alpha_mean_central_mid_trimmean,0.6482910694597575,False
slowwaves_Density_mean_central_right_trimmean,0.6471885336273429,False
psd_relative_delta_mean_frontal_left_trimmean,0.6460859977949284,False
PE_theta_mean_posterior_mid_trimmean,0.6427783902976847,False
slowwaves_Frequency_mean_posterior_left_trimmean,0.6405733186328556,False
slowwaves_Density_mean_central_left_trimmean,0.6405733186328556,False
slowwaves_Frequency_mean_frontal_left_trimmean,0.6284454244762955,False
slowwaves_Density_mean_posterior_left_trimmean,0.6229327453142227,False
slowwaves_Frequency_mean_frontal_mid_trimmean,0.6218302094818081,False
psd_relative_beta_mean_posterior_right_trimmean,0.6218302094818081,False
slowwaves_Frequency_mean_posterior_mid_trimmean,0.6185226019845645,False
slowwaves_PTP_mean_posterior_left_trimmean,0.61742006615215,False
slowwaves_Duration_mean_posterior_mid_trimmean,0.6163175303197354,False
slowwaves_PTP_mean_posterior_right_trimmean,0.6163175303197354,False
slowwaves_Duration_mean_frontal_right_trimmean,0.6152149944873209,False
psd_relative_alpha_mean_frontal_left_trimmean,0.6141124586549063,False
slowwaves_Duration_mean_central_left_trimmean,0.6108048511576626,False
psd_relative_delta_mean_posterior_left_trimmean,0.6097023153252481,False
slowwaves_Duration_mean_frontal_left_trimmean,0.6052921719955898,False
slowwaves_Slope_mean_posterior_mid_trimmean,0.5931642778390298,False
slowwaves_Density_mean_central_mid_trimmean,0.5733186328555678,False
slowwaves_Density_mean_posterior_right_trimmean,0.5722160970231532,False
slowwaves_Density_mean_frontal_mid_trimmean,0.5611907386990077,False
slowwaves_Duration_mean_posterior_right_trimmean,0.5545755237045203,False
slowwaves_Slope_mean_frontal_mid_trimmean,0.535832414553473,False
slowwaves_Frequency_mean_posterior_right_trimmean,0.515986769570011,False
