trace_index,trace_type,trace_name,row_label,col_label,x,y
0,scatter,,sub-03,Within-Subject,84.0,0.44273180118695055
0,scatter,,sub-03,Within-Subject,62.0,0.44758551935775526
0,scatter,,sub-03,Within-Subject,63.0,0.2777469982116821
0,scatter,,sub-03,Within-Subject,59.0,0.2342046633365589
0,scatter,,sub-03,Within-Subject,64.0,0.6639554245681616
0,scatter,,sub-03,Within-Subject,66.0,0.610262610481872
0,scatter,,sub-03,Within-Subject,66.0,0.5082700448354918
0,scatter,,sub-03,Within-Subject,61.0,0.3047421776429977
0,scatter,,sub-03,Within-Subject,65.0,0.525184349103324
0,scatter,,sub-03,Within-Subject,56.0,0.661077926252463
0,scatter,,sub-03,Within-Subject,58.0,0.6239539029453443
0,scatter,,sub-03,Within-Subject,61.0,0.5360898858876413
0,scatter,,sub-03,Within-Subject,61.0,0.6644078451982667
0,scatter,,sub-03,Within-Subject,67.0,0.4329892526410142
0,scatter,,sub-03,Within-Subject,64.0,0.4331073562387505
0,scatter,,sub-03,Within-Subject,64.0,0.5753521648654356
0,scatter,,sub-03,Within-Subject,63.0,0.47181870469560394
0,scatter,,sub-03,Within-Subject,69.0,0.5657307022679805
0,scatter,,sub-03,Within-Subject,67.0,0.32026523897002046
0,scatter,,sub-03,Within-Subject,65.0,0.4847978866053842
0,scatter,,sub-03,Within-Subject,61.0,0.5126132424847816
0,scatter,,sub-03,Within-Subject,67.0,0.4712677112575615
0,scatter,,sub-03,Within-Subject,62.0,0.44168998585257313
0,scatter,,sub-03,Within-Subject,66.0,0.5414559930946188
0,scatter,,sub-03,Within-Subject,72.0,0.6532315217854735
0,scatter,,sub-03,Within-Subject,64.0,0.5907011928769881
0,scatter,,sub-03,Within-Subject,65.0,0.4775924514073702
0,scatter,,sub-03,Within-Subject,71.0,0.5019462518702751
0,scatter,,sub-03,Within-Subject,58.0,0.4614763498542266
0,scatter,,sub-03,Within-Subject,65.0,0.5608024417369055
0,scatter,,sub-03,Within-Subject,67.0,0.6207252122613278
0,scatter,,sub-03,Within-Subject,68.0,0.35089247952483615
0,scatter,,sub-03,Within-Subject,67.0,0.5020787542524093
0,scatter,,sub-03,Within-Subject,67.0,0.29923708326401066
0,scatter,,sub-03,Within-Subject,63.0,0.5300169075234943
0,scatter,,sub-03,Within-Subject,39.0,0.6338225026720469
1,scatter,,sub-03,Within-Subject,39.0,0.5720229274296839
1,scatter,,sub-03,Within-Subject,84.0,0.43951457940026406
2,scatter,,,LOSO,84.0,0.5494131151228647
2,scatter,,,LOSO,62.0,0.5663989696160046
2,scatter,,,LOSO,63.0,0.5408323740495053
2,scatter,,,LOSO,59.0,0.46446640590510513
2,scatter,,,LOSO,64.0,0.5269730285701595
2,scatter,,,LOSO,66.0,0.5484000749486186
2,scatter,,,LOSO,66.0,0.3710208394660075
2,scatter,,,LOSO,61.0,0.5195956163471525
2,scatter,,,LOSO,65.0,0.47231771013863977
2,scatter,,,LOSO,56.0,0.6218636800801245
2,scatter,,,LOSO,58.0,0.43836143934876315
2,scatter,,,LOSO,61.0,0.536901799017125
2,scatter,,,LOSO,61.0,0.5382408666883975
2,scatter,,,LOSO,67.0,0.5411741247623267
2,scatter,,,LOSO,64.0,0.4669855822583301
2,scatter,,,LOSO,64.0,0.5977789451643328
2,scatter,,,LOSO,63.0,0.3406695503250746
2,scatter,,,LOSO,69.0,0.5706173432694172
2,scatter,,,LOSO,67.0,0.4350503713246907
2,scatter,,,LOSO,65.0,0.4977317155574351
2,scatter,,,LOSO,61.0,0.5757380959277555
2,scatter,,,LOSO,67.0,0.5200469731350655
2,scatter,,,LOSO,62.0,0.36925316567747957
2,scatter,,,LOSO,66.0,0.4953133348185521
2,scatter,,,LOSO,72.0,0.45378121394756027
2,scatter,,,LOSO,64.0,0.5017177727252201
2,scatter,,,LOSO,65.0,0.4489892266664082
2,scatter,,,LOSO,71.0,0.49903599224985923
2,scatter,,,LOSO,58.0,0.5999807983926104
2,scatter,,,LOSO,65.0,0.5133882345235417
2,scatter,,,LOSO,67.0,0.6171367511147214
2,scatter,,,LOSO,68.0,0.49135205979846874
2,scatter,,,LOSO,67.0,0.4765693848846187
2,scatter,,,LOSO,67.0,0.47481798032832245
2,scatter,,,LOSO,63.0,0.5290897855799462
2,scatter,,,LOSO,39.0,0.4883773866495706
3,scatter,,,LOSO,39.0,0.508295589041522
3,scatter,,,LOSO,84.0,0.5033491024743285
4,scatter,,sub-04,Within-Subject,98.0,0.4605610900406197
4,scatter,,sub-04,Within-Subject,96.0,0.5424734305665626
4,scatter,,sub-04,Within-Subject,99.0,0.48078019630928504
4,scatter,,sub-04,Within-Subject,100.0,0.47223128075222376
4,scatter,,sub-04,Within-Subject,100.0,0.3572101660017236
4,scatter,,sub-04,Within-Subject,74.0,0.4868853323824795
4,scatter,,sub-04,Within-Subject,100.0,0.4718201886153922
4,scatter,,sub-04,Within-Subject,99.0,0.3094625971489693
4,scatter,,sub-04,Within-Subject,99.0,0.399015090337843
4,scatter,,sub-04,Within-Subject,99.0,0.5514264612853171
4,scatter,,sub-04,Within-Subject,100.0,0.4993946149295895
4,scatter,,sub-04,Within-Subject,100.0,0.5951659564670532
4,scatter,,sub-04,Within-Subject,71.0,0.5344393026581661
4,scatter,,sub-04,Within-Subject,73.0,0.6283767991271693
4,scatter,,sub-04,Within-Subject,78.0,0.7422475068673378
4,scatter,,sub-04,Within-Subject,98.0,0.6200954645478021
4,scatter,,sub-04,Within-Subject,87.0,0.4937202397510837
4,scatter,,sub-04,Within-Subject,93.0,0.5305643754278163
4,scatter,,sub-04,Within-Subject,100.0,0.6034584973208156
5,scatter,,sub-04,Within-Subject,71.0,0.5982313520423997
5,scatter,,sub-04,Within-Subject,100.0,0.48732786806702133
6,scatter,,,LOSO,98.0,0.517622275736786
6,scatter,,,LOSO,96.0,0.5698700252034967
6,scatter,,,LOSO,99.0,0.4985493565225636
6,scatter,,,LOSO,100.0,0.5578127690547752
6,scatter,,,LOSO,100.0,0.47993405860070537
6,scatter,,,LOSO,74.0,0.3952334747895867
6,scatter,,,LOSO,100.0,0.47375733462227015
6,scatter,,,LOSO,99.0,0.5428994059151044
6,scatter,,,LOSO,99.0,0.4531730686448582
6,scatter,,,LOSO,99.0,0.5555381869396321
6,scatter,,,LOSO,100.0,0.5217965796618453
6,scatter,,,LOSO,100.0,0.5780587021562423
6,scatter,,,LOSO,71.0,0.4758535135205087
6,scatter,,,LOSO,73.0,0.46933861938454846
6,scatter,,,LOSO,78.0,0.6118918954695128
6,scatter,,,LOSO,98.0,0.564237755633156
6,scatter,,,LOSO,87.0,0.45625882959975583
6,scatter,,,LOSO,93.0,0.5350271519381111
6,scatter,,,LOSO,100.0,0.5235548172282922
7,scatter,,,LOSO,71.0,0.4751907703717035
7,scatter,,,LOSO,100.0,0.5277250169336847
8,scatter,,sub-05,Within-Subject,45.0,0.6393767103690993
8,scatter,,sub-05,Within-Subject,98.0,0.5816423571035421
8,scatter,,sub-05,Within-Subject,98.0,0.6220770152085392
8,scatter,,sub-05,Within-Subject,98.0,0.2567734898632595
8,scatter,,sub-05,Within-Subject,99.0,0.6548233545111444
8,scatter,,sub-05,Within-Subject,100.0,0.5643984996117863
8,scatter,,sub-05,Within-Subject,97.0,0.4942703763995666
8,scatter,,sub-05,Within-Subject,97.0,0.5975095996826914
8,scatter,,sub-05,Within-Subject,73.0,0.4251975145110772
8,scatter,,sub-05,Within-Subject,23.0,0.5667532158796952
8,scatter,,sub-05,Within-Subject,79.0,0.4281711952112793
8,scatter,,sub-05,Within-Subject,95.0,0.5292271518757289
8,scatter,,sub-05,Within-Subject,80.0,0.4316126592587714
8,scatter,,sub-05,Within-Subject,75.0,0.5314260071591502
8,scatter,,sub-05,Within-Subject,91.0,0.41722329203265096
8,scatter,,sub-05,Within-Subject,83.0,0.3970362814803463
8,scatter,,sub-05,Within-Subject,69.0,0.34915163048749864
8,scatter,,sub-05,Within-Subject,84.0,0.5414361716406738
8,scatter,,sub-05,Within-Subject,95.0,0.5162589280431144
8,scatter,,sub-05,Within-Subject,98.0,0.5817061010282967
8,scatter,,sub-05,Within-Subject,28.0,0.4681021675683259
8,scatter,,sub-05,Within-Subject,82.0,0.5329952267269833
8,scatter,,sub-05,Within-Subject,86.0,0.4219823338509556
8,scatter,,sub-05,Within-Subject,97.0,0.5214616793099925
8,scatter,,sub-05,Within-Subject,87.0,0.5812140074409311
8,scatter,,sub-05,Within-Subject,98.0,0.538224504047873
8,scatter,,sub-05,Within-Subject,91.0,0.4547194059982903
8,scatter,,sub-05,Within-Subject,79.0,0.47392307737986583
8,scatter,,sub-05,Within-Subject,77.0,0.3539072576487284
8,scatter,,sub-05,Within-Subject,77.0,0.4140803429056481
8,scatter,,sub-05,Within-Subject,93.0,0.5174108453852899
8,scatter,,sub-05,Within-Subject,97.0,0.4191905556021937
8,scatter,,sub-05,Within-Subject,89.0,0.5495121577918192
8,scatter,,sub-05,Within-Subject,89.0,0.44146912643622405
8,scatter,,sub-05,Within-Subject,94.0,0.4071777811172884
8,scatter,,sub-05,Within-Subject,97.0,0.4415836481670553
8,scatter,,sub-05,Within-Subject,49.0,0.5168509743338771
8,scatter,,sub-05,Within-Subject,73.0,0.5154594423415492
8,scatter,,sub-05,Within-Subject,95.0,0.5840772892075484
8,scatter,,sub-05,Within-Subject,94.0,0.5348248050041466
8,scatter,,sub-05,Within-Subject,79.0,0.4219050203284158
8,scatter,,sub-05,Within-Subject,88.0,0.48586833400350005
8,scatter,,sub-05,Within-Subject,75.0,0.4878556260119252
8,scatter,,sub-05,Within-Subject,77.0,0.5281098632889643
8,scatter,,sub-05,Within-Subject,61.0,0.3741501680466661
9,scatter,,sub-05,Within-Subject,23.0,0.4754879010271505
9,scatter,,sub-05,Within-Subject,100.0,0.4959289614099178
10,scatter,,,LOSO,45.0,0.5849089680463536
10,scatter,,,LOSO,98.0,0.48230664920678146
10,scatter,,,LOSO,98.0,0.5623862888022548
10,scatter,,,LOSO,98.0,0.4690507635775033
10,scatter,,,LOSO,99.0,0.5335679048187796
10,scatter,,,LOSO,100.0,0.4980054141895264
10,scatter,,,LOSO,97.0,0.4983069638183293
10,scatter,,,LOSO,97.0,0.5713309232786891
10,scatter,,,LOSO,73.0,0.4634830181949933
10,scatter,,,LOSO,23.0,0.5138821169264842
10,scatter,,,LOSO,79.0,0.5134580448685475
10,scatter,,,LOSO,95.0,0.5646159594789628
10,scatter,,,LOSO,80.0,0.46307494649574144
10,scatter,,,LOSO,75.0,0.5161063783330035
10,scatter,,,LOSO,91.0,0.4720754501772788
10,scatter,,,LOSO,83.0,0.46877638168464464
10,scatter,,,LOSO,69.0,0.42572163635821514
10,scatter,,,LOSO,84.0,0.6352875292526852
10,scatter,,,LOSO,95.0,0.542405273951564
10,scatter,,,LOSO,98.0,0.5555694398514816
10,scatter,,,LOSO,28.0,0.49591340505114745
10,scatter,,,LOSO,82.0,0.5244226710174313
10,scatter,,,LOSO,86.0,0.4708149326371526
10,scatter,,,LOSO,97.0,0.4950024906475129
10,scatter,,,LOSO,87.0,0.5691632591440021
10,scatter,,,LOSO,98.0,0.5111706317942847
10,scatter,,,LOSO,91.0,0.44166490075651266
10,scatter,,,LOSO,79.0,0.4769220787935914
10,scatter,,,LOSO,77.0,0.6009850282752797
10,scatter,,,LOSO,77.0,0.4481720035321307
10,scatter,,,LOSO,93.0,0.6466126045320475
10,scatter,,,LOSO,97.0,0.6160676014766221
10,scatter,,,LOSO,89.0,0.6582129983157611
10,scatter,,,LOSO,89.0,0.47844976427322095
10,scatter,,,LOSO,94.0,0.5081343429692452
10,scatter,,,LOSO,97.0,0.5518208904838038
10,scatter,,,LOSO,49.0,0.556338412447276
10,scatter,,,LOSO,73.0,0.6085121457596879
10,scatter,,,LOSO,95.0,0.5569158083519017
10,scatter,,,LOSO,94.0,0.6231569093591074
10,scatter,,,LOSO,79.0,0.420715855455595
10,scatter,,,LOSO,88.0,0.5270479816147879
10,scatter,,,LOSO,75.0,0.39368914045856696
10,scatter,,,LOSO,77.0,0.4688230346355018
10,scatter,,,LOSO,61.0,0.33419094671307203
11,scatter,,,LOSO,23.0,0.4764076974084452
11,scatter,,,LOSO,100.0,0.5301102957732859
12,scatter,,sub-06,Within-Subject,65.0,0.5175709202905548
12,scatter,,sub-06,Within-Subject,70.0,0.6789595806253474
12,scatter,,sub-06,Within-Subject,77.0,0.6458557379480467
12,scatter,,sub-06,Within-Subject,33.0,0.3383618220364986
12,scatter,,sub-06,Within-Subject,44.0,0.7538728020153354
12,scatter,,sub-06,Within-Subject,60.0,0.5703629094898969
12,scatter,,sub-06,Within-Subject,71.0,0.5286865622747945
12,scatter,,sub-06,Within-Subject,34.0,0.6535204943598665
12,scatter,,sub-06,Within-Subject,49.0,0.60795851871437
12,scatter,,sub-06,Within-Subject,5.0,0.4053872630997711
12,scatter,,sub-06,Within-Subject,56.0,0.542602823447397
12,scatter,,sub-06,Within-Subject,64.0,0.5536290854817001
12,scatter,,sub-06,Within-Subject,84.0,0.5390698861151366
12,scatter,,sub-06,Within-Subject,87.0,0.5403218271822663
12,scatter,,sub-06,Within-Subject,64.0,0.5032238511605329
12,scatter,,sub-06,Within-Subject,69.0,0.587281792662661
12,scatter,,sub-06,Within-Subject,16.0,0.47653152981877267
12,scatter,,sub-06,Within-Subject,70.0,0.5157323678340527
12,scatter,,sub-06,Within-Subject,64.0,0.45981456729311465
12,scatter,,sub-06,Within-Subject,40.0,0.6005955635807017
12,scatter,,sub-06,Within-Subject,89.0,0.5641683989769356
12,scatter,,sub-06,Within-Subject,73.0,0.37315499303893096
12,scatter,,sub-06,Within-Subject,42.0,0.6599206963860048
12,scatter,,sub-06,Within-Subject,69.0,0.5196344523527757
12,scatter,,sub-06,Within-Subject,28.0,0.514615934363473
12,scatter,,sub-06,Within-Subject,80.0,0.25365175636572734
12,scatter,,sub-06,Within-Subject,87.0,0.423912514527927
12,scatter,,sub-06,Within-Subject,81.0,0.515911392959544
12,scatter,,sub-06,Within-Subject,76.0,0.4245889037154174
12,scatter,,sub-06,Within-Subject,64.0,0.5958321959016901
12,scatter,,sub-06,Within-Subject,58.0,0.540439250396184
12,scatter,,sub-06,Within-Subject,61.0,0.5629170952282988
12,scatter,,sub-06,Within-Subject,74.0,0.50646878489611
12,scatter,,sub-06,Within-Subject,96.0,0.602627005591481
12,scatter,,sub-06,Within-Subject,99.0,0.5333047005960966
12,scatter,,sub-06,Within-Subject,63.0,0.4930014810782407
12,scatter,,sub-06,Within-Subject,55.0,0.5046676881673247
12,scatter,,sub-06,Within-Subject,28.0,0.316779224995024
12,scatter,,sub-06,Within-Subject,50.0,0.4516867711561374
12,scatter,,sub-06,Within-Subject,67.0,0.4584910055375635
12,scatter,,sub-06,Within-Subject,69.0,0.4055516628729707
12,scatter,,sub-06,Within-Subject,9.0,0.3706779800586798
12,scatter,,sub-06,Within-Subject,67.0,0.6923764249795424
12,scatter,,sub-06,Within-Subject,57.0,0.4608811589966508
12,scatter,,sub-06,Within-Subject,83.0,0.5569667582099206
12,scatter,,sub-06,Within-Subject,73.0,0.6445994882847147
13,scatter,,sub-06,Within-Subject,5.0,0.4764964922020463
13,scatter,,sub-06,Within-Subject,99.0,0.5508010962462104
14,scatter,,,LOSO,65.0,0.5251726047371703
14,scatter,,,LOSO,70.0,0.5432749588405347
14,scatter,,,LOSO,77.0,0.547603698294696
14,scatter,,,LOSO,33.0,0.4388567347493886
14,scatter,,,LOSO,44.0,0.479471318074578
14,scatter,,,LOSO,60.0,0.45497981749981486
14,scatter,,,LOSO,71.0,0.6006638290675113
14,scatter,,,LOSO,34.0,0.47759388095586475
14,scatter,,,LOSO,49.0,0.4376428628258293
14,scatter,,,LOSO,5.0,0.4830941647981009
14,scatter,,,LOSO,56.0,0.4676345534328597
14,scatter,,,LOSO,64.0,0.5097276653551079
14,scatter,,,LOSO,84.0,0.5479695437350416
14,scatter,,,LOSO,87.0,0.44860665658573606
14,scatter,,,LOSO,64.0,0.4843562697744036
14,scatter,,,LOSO,69.0,0.5356396762076856
14,scatter,,,LOSO,16.0,0.47983444946869813
14,scatter,,,LOSO,70.0,0.5763399331687259
14,scatter,,,LOSO,64.0,0.5131187322411124
14,scatter,,,LOSO,40.0,0.5093835901477204
14,scatter,,,LOSO,89.0,0.5140735899183784
14,scatter,,,LOSO,73.0,0.523844024436884
14,scatter,,,LOSO,42.0,0.5524136344806359
14,scatter,,,LOSO,69.0,0.49391312333353043
14,scatter,,,LOSO,28.0,0.478599097851588
14,scatter,,,LOSO,80.0,0.42464557480622434
14,scatter,,,LOSO,87.0,0.5839340515122493
14,scatter,,,LOSO,81.0,0.42455365447048904
14,scatter,,,LOSO,76.0,0.4558292978206084
14,scatter,,,LOSO,64.0,0.5406392512006488
14,scatter,,,LOSO,58.0,0.48793040330258963
14,scatter,,,LOSO,61.0,0.42824877059933564
14,scatter,,,LOSO,74.0,0.5609488439273486
14,scatter,,,LOSO,96.0,0.48666425689510134
14,scatter,,,LOSO,99.0,0.5605425193674204
14,scatter,,,LOSO,63.0,0.5368906011393106
14,scatter,,,LOSO,55.0,0.5147020713968211
14,scatter,,,LOSO,28.0,0.4128435448952821
14,scatter,,,LOSO,50.0,0.49091551048795157
14,scatter,,,LOSO,67.0,0.49369021464312435
14,scatter,,,LOSO,69.0,0.5214560954010402
14,scatter,,,LOSO,9.0,0.43825009430161554
14,scatter,,,LOSO,67.0,0.6240013472014874
14,scatter,,,LOSO,57.0,0.4673803483471015
14,scatter,,,LOSO,83.0,0.6143567300793127
14,scatter,,,LOSO,73.0,0.4701856358845937
15,scatter,,,LOSO,5.0,0.4520347553817365
15,scatter,,,LOSO,99.0,0.5380073179800103
16,scatter,,sub-08,Within-Subject,72.0,0.4437211975548299
16,scatter,,sub-08,Within-Subject,80.0,0.5790320630590499
16,scatter,,sub-08,Within-Subject,75.0,0.5419150115136748
16,scatter,,sub-08,Within-Subject,89.0,0.5274803493197163
16,scatter,,sub-08,Within-Subject,90.0,0.5265295187858827
16,scatter,,sub-08,Within-Subject,87.0,0.36261883086993596
16,scatter,,sub-08,Within-Subject,84.0,0.442367119145262
16,scatter,,sub-08,Within-Subject,74.0,0.539327509277632
16,scatter,,sub-08,Within-Subject,89.0,0.5863946929895485
16,scatter,,sub-08,Within-Subject,83.0,0.5675829094871757
16,scatter,,sub-08,Within-Subject,82.0,0.4298780401015933
16,scatter,,sub-08,Within-Subject,95.0,0.7034159726674876
16,scatter,,sub-08,Within-Subject,74.0,0.5688606871081353
16,scatter,,sub-08,Within-Subject,86.0,0.6413425381934432
16,scatter,,sub-08,Within-Subject,93.0,0.5645346616256298
16,scatter,,sub-08,Within-Subject,91.0,0.553621611512118
16,scatter,,sub-08,Within-Subject,87.0,0.6558984177257605
16,scatter,,sub-08,Within-Subject,86.0,0.5535712510999995
16,scatter,,sub-08,Within-Subject,90.0,0.6069879763167336
16,scatter,,sub-08,Within-Subject,80.0,0.4436527539150752
16,scatter,,sub-08,Within-Subject,85.0,0.485479107612791
16,scatter,,sub-08,Within-Subject,89.0,0.4972261141216918
16,scatter,,sub-08,Within-Subject,90.0,0.6191619118595115
16,scatter,,sub-08,Within-Subject,96.0,0.3939529142609108
16,scatter,,sub-08,Within-Subject,87.0,0.5335935986142377
16,scatter,,sub-08,Within-Subject,80.0,0.5629702052037852
16,scatter,,sub-08,Within-Subject,92.0,0.3825897891060972
16,scatter,,sub-08,Within-Subject,85.0,0.5528432964270467
16,scatter,,sub-08,Within-Subject,70.0,0.33099307447419624
16,scatter,,sub-08,Within-Subject,69.0,0.44676870278620684
16,scatter,,sub-08,Within-Subject,78.0,0.5355561552869288
16,scatter,,sub-08,Within-Subject,92.0,0.5057310856667627
16,scatter,,sub-08,Within-Subject,77.0,0.4828258603141067
16,scatter,,sub-08,Within-Subject,82.0,0.40082610820052844
16,scatter,,sub-08,Within-Subject,83.0,0.4689749830815169
16,scatter,,sub-08,Within-Subject,92.0,0.5911024202993911
16,scatter,,sub-08,Within-Subject,80.0,0.43753822727548597
16,scatter,,sub-08,Within-Subject,80.0,0.4059605587577646
16,scatter,,sub-08,Within-Subject,80.0,0.6078828909913659
16,scatter,,sub-08,Within-Subject,88.0,0.5377466565040772
16,scatter,,sub-08,Within-Subject,82.0,0.41149455726304984
16,scatter,,sub-08,Within-Subject,89.0,0.537411969021086
16,scatter,,sub-08,Within-Subject,87.0,0.544733343208268
17,scatter,,sub-08,Within-Subject,69.0,0.4550638933247699
17,scatter,,sub-08,Within-Subject,96.0,0.5602666945503296
18,scatter,,,LOSO,72.0,0.5238487528233529
18,scatter,,,LOSO,80.0,0.5694763781634411
18,scatter,,,LOSO,75.0,0.618664570018124
18,scatter,,,LOSO,89.0,0.5225077484578933
18,scatter,,,LOSO,90.0,0.5762986607433698
18,scatter,,,LOSO,87.0,0.45902947684628903
18,scatter,,,LOSO,84.0,0.5623891863883039
18,scatter,,,LOSO,74.0,0.4117924623973167
18,scatter,,,LOSO,89.0,0.45245201827789383
18,scatter,,,LOSO,83.0,0.5345640202943933
18,scatter,,,LOSO,82.0,0.5961174242863698
18,scatter,,,LOSO,95.0,0.528513005023252
18,scatter,,,LOSO,74.0,0.3480634191434352
18,scatter,,,LOSO,86.0,0.4934545597076434
18,scatter,,,LOSO,93.0,0.5702132740737489
18,scatter,,,LOSO,91.0,0.4752772268684655
18,scatter,,,LOSO,87.0,0.5283474266880905
18,scatter,,,LOSO,86.0,0.48770425295002684
18,scatter,,,LOSO,90.0,0.5152989388390505
18,scatter,,,LOSO,80.0,0.45911428873111026
18,scatter,,,LOSO,85.0,0.47706454285960764
18,scatter,,,LOSO,89.0,0.5480236323741541
18,scatter,,,LOSO,90.0,0.6248845485567568
18,scatter,,,LOSO,96.0,0.4388527231689979
18,scatter,,,LOSO,87.0,0.545092281617491
18,scatter,,,LOSO,80.0,0.5943170079853932
18,scatter,,,LOSO,92.0,0.47049660015980055
18,scatter,,,LOSO,85.0,0.5449137746992457
18,scatter,,,LOSO,70.0,0.44011656426420653
18,scatter,,,LOSO,69.0,0.5174106810670526
18,scatter,,,LOSO,78.0,0.4995841858376832
18,scatter,,,LOSO,92.0,0.46487274508842147
18,scatter,,,LOSO,77.0,0.4941837914213818
18,scatter,,,LOSO,82.0,0.4653634982498336
18,scatter,,,LOSO,83.0,0.4931746824345222
18,scatter,,,LOSO,92.0,0.6054836539900783
18,scatter,,,LOSO,80.0,0.4996506369212357
18,scatter,,,LOSO,80.0,0.5374804846246581
18,scatter,,,LOSO,80.0,0.5791697610378038
18,scatter,,,LOSO,88.0,0.5418927754686527
18,scatter,,,LOSO,82.0,0.47707490865639546
18,scatter,,,LOSO,89.0,0.5355132872447615
18,scatter,,,LOSO,87.0,0.4198373421958568
19,scatter,,,LOSO,69.0,0.4929574442059856
19,scatter,,,LOSO,96.0,0.5281199245953896
20,scatter,,sub-09,Within-Subject,98.0,0.5770833933294618
20,scatter,,sub-09,Within-Subject,99.0,0.6083922516138764
20,scatter,,sub-09,Within-Subject,100.0,0.5808345840890757
20,scatter,,sub-09,Within-Subject,99.0,0.660759267434732
20,scatter,,sub-09,Within-Subject,100.0,0.5423915765663284
20,scatter,,sub-09,Within-Subject,100.0,0.604855690828258
20,scatter,,sub-09,Within-Subject,99.0,0.5123833600099972
20,scatter,,sub-09,Within-Subject,98.0,0.6481984090105231
20,scatter,,sub-09,Within-Subject,99.0,0.5645463563276135
20,scatter,,sub-09,Within-Subject,100.0,0.3605449107076026
20,scatter,,sub-09,Within-Subject,99.0,0.563477482397919
20,scatter,,sub-09,Within-Subject,99.0,0.47482681011359584
20,scatter,,sub-09,Within-Subject,100.0,0.5285560397216034
20,scatter,,sub-09,Within-Subject,99.0,0.6035007355592211
20,scatter,,sub-09,Within-Subject,99.0,0.43794113489439
20,scatter,,sub-09,Within-Subject,99.0,0.4970473607717739
20,scatter,,sub-09,Within-Subject,100.0,0.3895229719637618
20,scatter,,sub-09,Within-Subject,98.0,0.3441577031438702
20,scatter,,sub-09,Within-Subject,99.0,0.573834497803938
20,scatter,,sub-09,Within-Subject,99.0,0.4862238087309858
20,scatter,,sub-09,Within-Subject,98.0,0.3702214826473198
20,scatter,,sub-09,Within-Subject,100.0,0.5342717250288462
20,scatter,,sub-09,Within-Subject,99.0,0.3392049880348189
20,scatter,,sub-09,Within-Subject,99.0,0.45588296851588916
20,scatter,,sub-09,Within-Subject,99.0,0.4264964887641921
20,scatter,,sub-09,Within-Subject,99.0,0.5505900313383302
20,scatter,,sub-09,Within-Subject,99.0,0.4886292498860107
20,scatter,,sub-09,Within-Subject,99.0,0.5597010772134487
20,scatter,,sub-09,Within-Subject,100.0,0.512694141415004
21,scatter,,sub-09,Within-Subject,98.0,0.5029698085649129
21,scatter,,sub-09,Within-Subject,100.0,0.5157362358061196
22,scatter,,,LOSO,98.0,0.6667706870071491
22,scatter,,,LOSO,99.0,0.5400194745773069
22,scatter,,,LOSO,100.0,0.566140392908871
22,scatter,,,LOSO,99.0,0.4766151120074046
22,scatter,,,LOSO,100.0,0.45964756101472015
22,scatter,,,LOSO,100.0,0.5652922614088581
22,scatter,,,LOSO,99.0,0.5267996129965583
22,scatter,,,LOSO,98.0,0.4841342028790435
22,scatter,,,LOSO,99.0,0.5799106157036316
22,scatter,,,LOSO,100.0,0.44834110113017067
22,scatter,,,LOSO,99.0,0.5490090732989968
22,scatter,,,LOSO,99.0,0.4814520972821512
22,scatter,,,LOSO,100.0,0.5064085683303601
22,scatter,,,LOSO,99.0,0.5270265897393562
22,scatter,,,LOSO,99.0,0.48183861541297734
22,scatter,,,LOSO,99.0,0.5017576358085192
22,scatter,,,LOSO,100.0,0.5731711337420127
22,scatter,,,LOSO,98.0,0.40501866964417355
22,scatter,,,LOSO,99.0,0.5687717060176789
22,scatter,,,LOSO,99.0,0.46493232345088636
22,scatter,,,LOSO,98.0,0.5075174903540807
22,scatter,,,LOSO,100.0,0.4217547672276136
22,scatter,,,LOSO,99.0,0.45268218325574094
22,scatter,,,LOSO,99.0,0.4892993340107369
22,scatter,,,LOSO,99.0,0.45817531780439136
22,scatter,,,LOSO,99.0,0.6032160577853516
22,scatter,,,LOSO,99.0,0.603879885635202
22,scatter,,,LOSO,99.0,0.4922894151614134
22,scatter,,,LOSO,100.0,0.4514577727354876
23,scatter,,,LOSO,98.0,0.5241077763525397
23,scatter,,,LOSO,100.0,0.5031504517529757
24,scatter,,sub-10,Within-Subject,67.0,0.4003229968639671
24,scatter,,sub-10,Within-Subject,69.0,0.4507950410851022
24,scatter,,sub-10,Within-Subject,78.0,0.4254225593213606
24,scatter,,sub-10,Within-Subject,73.0,0.37991204157197733
24,scatter,,sub-10,Within-Subject,76.0,0.4685251402430679
24,scatter,,sub-10,Within-Subject,68.0,0.4705831269707059
24,scatter,,sub-10,Within-Subject,80.0,0.3938798967600548
24,scatter,,sub-10,Within-Subject,72.0,0.376590783096894
24,scatter,,sub-10,Within-Subject,74.0,0.3932405992594614
24,scatter,,sub-10,Within-Subject,75.0,0.4455688987813534
24,scatter,,sub-10,Within-Subject,79.0,0.5087931542311498
24,scatter,,sub-10,Within-Subject,74.0,0.5429533179332986
24,scatter,,sub-10,Within-Subject,71.0,0.5176226926730144
24,scatter,,sub-10,Within-Subject,78.0,0.3875104352175057
24,scatter,,sub-10,Within-Subject,85.0,0.47545955634832593
24,scatter,,sub-10,Within-Subject,76.0,0.3750578290672334
24,scatter,,sub-10,Within-Subject,76.0,0.4687846455074567
24,scatter,,sub-10,Within-Subject,77.0,0.5657485857071872
24,scatter,,sub-10,Within-Subject,73.0,0.41857373967749956
24,scatter,,sub-10,Within-Subject,77.0,0.4047048220540234
24,scatter,,sub-10,Within-Subject,74.0,0.4924071561306493
24,scatter,,sub-10,Within-Subject,71.0,0.4453833410822312
24,scatter,,sub-10,Within-Subject,76.0,0.5651414325902104
24,scatter,,sub-10,Within-Subject,88.0,0.4472800725581428
25,scatter,,sub-10,Within-Subject,67.0,0.44367026723901476
25,scatter,,sub-10,Within-Subject,88.0,0.46183953593703425
26,scatter,,,LOSO,67.0,0.3669758047900238
26,scatter,,,LOSO,69.0,0.5807412495710568
26,scatter,,,LOSO,78.0,0.6155082071368012
26,scatter,,,LOSO,73.0,0.5731487252665979
26,scatter,,,LOSO,76.0,0.3746702300041779
26,scatter,,,LOSO,68.0,0.5127011763294306
26,scatter,,,LOSO,80.0,0.4918175349974633
26,scatter,,,LOSO,72.0,0.5047455042288825
26,scatter,,,LOSO,74.0,0.42034625391603453
26,scatter,,,LOSO,75.0,0.46098294613976176
26,scatter,,,LOSO,79.0,0.5397946975208199
26,scatter,,,LOSO,74.0,0.5780125852427389
26,scatter,,,LOSO,71.0,0.5233270500240129
26,scatter,,,LOSO,78.0,0.39575567240571985
26,scatter,,,LOSO,85.0,0.5421135243001045
26,scatter,,,LOSO,76.0,0.4221135072348754
26,scatter,,,LOSO,76.0,0.6049712697692768
26,scatter,,,LOSO,77.0,0.558444919422884
26,scatter,,,LOSO,73.0,0.5760794547236332
26,scatter,,,LOSO,77.0,0.4371505429846698
26,scatter,,,LOSO,74.0,0.49105220820576034
26,scatter,,,LOSO,71.0,0.536913788012525
26,scatter,,,LOSO,76.0,0.5743855903546231
26,scatter,,,LOSO,88.0,0.48228891413550173
27,scatter,,,LOSO,67.0,0.503601119380672
27,scatter,,,LOSO,88.0,0.5117915933666327
28,scatter,,sub-12,Within-Subject,52.0,0.446922658547692
28,scatter,,sub-12,Within-Subject,40.0,0.5387488436171602
28,scatter,,sub-12,Within-Subject,56.0,0.579254626452361
28,scatter,,sub-12,Within-Subject,70.0,0.4522293423146565
28,scatter,,sub-12,Within-Subject,35.0,0.5737512650973949
28,scatter,,sub-12,Within-Subject,39.0,0.49948572797209
28,scatter,,sub-12,Within-Subject,34.0,0.49250251088061603
28,scatter,,sub-12,Within-Subject,67.0,0.6156119749018744
28,scatter,,sub-12,Within-Subject,77.0,0.5622611129178823
28,scatter,,sub-12,Within-Subject,69.0,0.5226931694145144
28,scatter,,sub-12,Within-Subject,63.0,0.6203889920415961
28,scatter,,sub-12,Within-Subject,54.0,0.5802677869881291
28,scatter,,sub-12,Within-Subject,69.0,0.44615473063280153
28,scatter,,sub-12,Within-Subject,75.0,0.2965499671397569
28,scatter,,sub-12,Within-Subject,72.0,0.5902863571227251
28,scatter,,sub-12,Within-Subject,73.0,0.5802284166132647
28,scatter,,sub-12,Within-Subject,38.0,0.6738579701804182
28,scatter,,sub-12,Within-Subject,67.0,0.6638203155575517
28,scatter,,sub-12,Within-Subject,93.0,0.4781377248294761
28,scatter,,sub-12,Within-Subject,77.0,0.4066931832870296
28,scatter,,sub-12,Within-Subject,78.0,0.5580585709693731
28,scatter,,sub-12,Within-Subject,84.0,0.46217036306497905
28,scatter,,sub-12,Within-Subject,96.0,0.6312315356072578
28,scatter,,sub-12,Within-Subject,64.0,0.45342378179906884
28,scatter,,sub-12,Within-Subject,85.0,0.6754662020974465
28,scatter,,sub-12,Within-Subject,78.0,0.7054749791009807
28,scatter,,sub-12,Within-Subject,80.0,0.44496967588476355
28,scatter,,sub-12,Within-Subject,81.0,0.5337119365044398
28,scatter,,sub-12,Within-Subject,90.0,0.6713068661930093
29,scatter,,sub-12,Within-Subject,34.0,0.5396968494090719
29,scatter,,sub-12,Within-Subject,96.0,0.5463731599263583
30,scatter,,,LOSO,52.0,0.545880416101708
30,scatter,,,LOSO,40.0,0.5091326482948635
30,scatter,,,LOSO,56.0,0.5445437080102519
30,scatter,,,LOSO,70.0,0.5281360805072952
30,scatter,,,LOSO,35.0,0.6293751492558637
30,scatter,,,LOSO,39.0,0.4306461126124097
30,scatter,,,LOSO,34.0,0.3975267611631985
30,scatter,,,LOSO,67.0,0.5452656969831982
30,scatter,,,LOSO,77.0,0.48227865458110103
30,scatter,,,LOSO,69.0,0.5906912252656599
30,scatter,,,LOSO,63.0,0.39040069303962377
30,scatter,,,LOSO,54.0,0.5214592445503604
30,scatter,,,LOSO,69.0,0.564654184905661
30,scatter,,,LOSO,75.0,0.6145871023215628
30,scatter,,,LOSO,72.0,0.5061083745874442
30,scatter,,,LOSO,73.0,0.5390121401043269
30,scatter,,,LOSO,38.0,0.4656058444034662
30,scatter,,,LOSO,67.0,0.4374021385543344
30,scatter,,,LOSO,93.0,0.4745199927627191
30,scatter,,,LOSO,77.0,0.5563213936221892
30,scatter,,,LOSO,78.0,0.5202477624222028
30,scatter,,,LOSO,84.0,0.4044693101571787
30,scatter,,,LOSO,96.0,0.5237614837161872
30,scatter,,,LOSO,64.0,0.4249284707037828
30,scatter,,,LOSO,85.0,0.44327541548595517
30,scatter,,,LOSO,78.0,0.377826011724235
30,scatter,,,LOSO,80.0,0.4905234986886218
30,scatter,,,LOSO,81.0,0.5727373519245595
30,scatter,,,LOSO,90.0,0.4938078914460541
31,scatter,,,LOSO,34.0,0.5004582983543602
31,scatter,,,LOSO,96.0,0.5012147051053016
32,scatter,,sub-18,Within-Subject,97.0,0.3334734148258818
32,scatter,,sub-18,Within-Subject,99.0,0.3307894700356543
32,scatter,,sub-18,Within-Subject,99.0,0.23787624882170388
32,scatter,,sub-18,Within-Subject,100.0,0.6130309637055368
32,scatter,,sub-18,Within-Subject,99.0,0.6976100542798811
32,scatter,,sub-18,Within-Subject,99.0,0.6262329965141714
32,scatter,,sub-18,Within-Subject,99.0,0.6298729601418208
32,scatter,,sub-18,Within-Subject,99.0,0.6473267775857802
32,scatter,,sub-18,Within-Subject,99.0,0.3234779596330216
32,scatter,,sub-18,Within-Subject,99.0,0.5461225258172379
32,scatter,,sub-18,Within-Subject,99.0,0.4316005050817963
32,scatter,,sub-18,Within-Subject,99.0,0.47415042707377797
32,scatter,,sub-18,Within-Subject,98.0,0.5964626042807128
32,scatter,,sub-18,Within-Subject,99.0,0.5955052580191527
32,scatter,,sub-18,Within-Subject,98.0,0.5884448141255071
32,scatter,,sub-18,Within-Subject,100.0,0.4526478190478499
32,scatter,,sub-18,Within-Subject,100.0,0.4586358433756125
32,scatter,,sub-18,Within-Subject,100.0,0.4869315328731868
32,scatter,,sub-18,Within-Subject,100.0,0.5336230504319963
32,scatter,,sub-18,Within-Subject,100.0,0.5237659840726447
32,scatter,,sub-18,Within-Subject,100.0,0.5704178178000135
32,scatter,,sub-18,Within-Subject,100.0,0.5945956997790305
32,scatter,,sub-18,Within-Subject,100.0,0.3114988487607275
32,scatter,,sub-18,Within-Subject,99.0,0.6489075096094238
32,scatter,,sub-18,Within-Subject,99.0,0.6475873142397012
32,scatter,,sub-18,Within-Subject,100.0,0.6086559637701927
32,scatter,,sub-18,Within-Subject,100.0,0.3468436322791022
32,scatter,,sub-18,Within-Subject,100.0,0.5266008294858483
32,scatter,,sub-18,Within-Subject,100.0,0.6044457714811866
32,scatter,,sub-18,Within-Subject,100.0,0.534862934549451
32,scatter,,sub-18,Within-Subject,100.0,0.492516627823907
32,scatter,,sub-18,Within-Subject,100.0,0.3179027917461927
32,scatter,,sub-18,Within-Subject,99.0,0.5772981493067193
32,scatter,,sub-18,Within-Subject,100.0,0.5171111957870582
32,scatter,,sub-18,Within-Subject,100.0,0.6114957029942945
32,scatter,,sub-18,Within-Subject,100.0,0.4378212417959021
32,scatter,,sub-18,Within-Subject,100.0,0.357102555655702
32,scatter,,sub-18,Within-Subject,99.0,0.6460651033855251
32,scatter,,sub-18,Within-Subject,100.0,0.5804198448503148
32,scatter,,sub-18,Within-Subject,100.0,0.341594086475491
32,scatter,,sub-18,Within-Subject,100.0,0.5874252755833012
32,scatter,,sub-18,Within-Subject,99.0,0.5302103057054859
32,scatter,,sub-18,Within-Subject,98.0,0.491555688456357
32,scatter,,sub-18,Within-Subject,100.0,0.3109873273242589
32,scatter,,sub-18,Within-Subject,100.0,0.3064896845777629
33,scatter,,sub-18,Within-Subject,97.0,0.5422827541223061
33,scatter,,sub-18,Within-Subject,100.0,0.493881004416727
34,scatter,,,LOSO,97.0,0.42327613332319747
34,scatter,,,LOSO,99.0,0.5668401247596042
34,scatter,,,LOSO,99.0,0.410876470722633
34,scatter,,,LOSO,100.0,0.44611781843245113
34,scatter,,,LOSO,99.0,0.4642122801519697
34,scatter,,,LOSO,99.0,0.4375672011037993
34,scatter,,,LOSO,99.0,0.5339449521579424
34,scatter,,,LOSO,99.0,0.4336911688287263
34,scatter,,,LOSO,99.0,0.51035211261227
34,scatter,,,LOSO,99.0,0.5277413629043569
34,scatter,,,LOSO,99.0,0.6086714904221994
34,scatter,,,LOSO,99.0,0.5747132754557468
34,scatter,,,LOSO,98.0,0.4566203225758788
34,scatter,,,LOSO,99.0,0.4655040458267944
34,scatter,,,LOSO,98.0,0.46422632016765725
34,scatter,,,LOSO,100.0,0.6338208341609282
34,scatter,,,LOSO,100.0,0.36593886860836955
34,scatter,,,LOSO,100.0,0.5190481352473397
34,scatter,,,LOSO,100.0,0.36834777208493585
34,scatter,,,LOSO,100.0,0.5419447893380311
34,scatter,,,LOSO,100.0,0.5026948840861934
34,scatter,,,LOSO,100.0,0.5590159037771127
34,scatter,,,LOSO,100.0,0.4487324126883805
34,scatter,,,LOSO,99.0,0.5026897347100011
34,scatter,,,LOSO,99.0,0.601119779324653
34,scatter,,,LOSO,100.0,0.5979681594802524
34,scatter,,,LOSO,100.0,0.5507455523654611
34,scatter,,,LOSO,100.0,0.4967023383623216
34,scatter,,,LOSO,100.0,0.43483783013466404
34,scatter,,,LOSO,100.0,0.4567749034801949
34,scatter,,,LOSO,100.0,0.4971434575152731
34,scatter,,,LOSO,100.0,0.4995609052373251
34,scatter,,,LOSO,99.0,0.5391208913215184
34,scatter,,,LOSO,100.0,0.48616883109678166
34,scatter,,,LOSO,100.0,0.35461919090779515
34,scatter,,,LOSO,100.0,0.3679094624075142
34,scatter,,,LOSO,100.0,0.6137592148634147
34,scatter,,,LOSO,99.0,0.4912996434958493
34,scatter,,,LOSO,100.0,0.4438864406982149
34,scatter,,,LOSO,100.0,0.5987499223880095
34,scatter,,,LOSO,100.0,0.46538185327043136
34,scatter,,,LOSO,99.0,0.4900620143694391
34,scatter,,,LOSO,98.0,0.5003062832434217
34,scatter,,,LOSO,100.0,0.5284907751552457
34,scatter,,,LOSO,100.0,0.4842768058832702
35,scatter,,,LOSO,97.0,0.48429954479288806
35,scatter,,,LOSO,100.0,0.4971720853420047
36,scatter,,,LOSO,97.0,0.4359342834039985
36,scatter,,,LOSO,98.0,0.5422612879660706
36,scatter,,,LOSO,98.0,0.5573046762325424
36,scatter,,,LOSO,97.0,0.44788702291083987
36,scatter,,,LOSO,99.0,0.38018806277524353
36,scatter,,,LOSO,99.0,0.5435681778763589
36,scatter,,,LOSO,99.0,0.5812645371028029
36,scatter,,,LOSO,99.0,0.5477190151445899
36,scatter,,,LOSO,99.0,0.580861443590955
36,scatter,,,LOSO,96.0,0.4512383591706128
36,scatter,,,LOSO,97.0,0.5060421287215664
36,scatter,,,LOSO,99.0,0.35070607609888105
36,scatter,,,LOSO,99.0,0.7066622540622673
36,scatter,,,LOSO,92.0,0.4240521853210303
36,scatter,,,LOSO,98.0,0.4794895472366967
36,scatter,,,LOSO,95.0,0.4506258487381598
36,scatter,,,LOSO,91.0,0.46165374240898105
37,scatter,,,LOSO,91.0,0.418313425530044
37,scatter,,,LOSO,99.0,0.5201138380824897
38,scatter,,sub-22,Within-Subject,70.0,0.5613444728464327
38,scatter,,sub-22,Within-Subject,70.0,0.39881051340179796
38,scatter,,sub-22,Within-Subject,71.0,0.6917636848383086
38,scatter,,sub-22,Within-Subject,74.0,0.6455888126641064
38,scatter,,sub-22,Within-Subject,69.0,0.3612120402013542
38,scatter,,sub-22,Within-Subject,81.0,0.6088580061913109
38,scatter,,sub-22,Within-Subject,70.0,0.2153720464908276
38,scatter,,sub-22,Within-Subject,86.0,0.4712924887364609
38,scatter,,sub-22,Within-Subject,90.0,0.5874353326895385
38,scatter,,sub-22,Within-Subject,94.0,0.4579924782318229
38,scatter,,sub-22,Within-Subject,94.0,0.4714458828628274
38,scatter,,sub-22,Within-Subject,94.0,0.2915339591216607
38,scatter,,sub-22,Within-Subject,83.0,0.6768342881375069
38,scatter,,sub-22,Within-Subject,92.0,0.6278527240976195
38,scatter,,sub-22,Within-Subject,82.0,0.4794466565652245
38,scatter,,sub-22,Within-Subject,74.0,0.5936263725103349
38,scatter,,sub-22,Within-Subject,60.0,0.5675762190145668
38,scatter,,sub-22,Within-Subject,77.0,0.699002876613392
38,scatter,,sub-22,Within-Subject,86.0,0.580644785560818
38,scatter,,sub-22,Within-Subject,78.0,0.6056638281977934
38,scatter,,sub-22,Within-Subject,91.0,0.6099575314622776
38,scatter,,sub-22,Within-Subject,84.0,0.4892918375456083
38,scatter,,sub-22,Within-Subject,82.0,0.5209442683167853
38,scatter,,sub-22,Within-Subject,71.0,0.3513158612442562
38,scatter,,sub-22,Within-Subject,88.0,0.5117459399418308
38,scatter,,sub-22,Within-Subject,85.0,0.3446088157036087
38,scatter,,sub-22,Within-Subject,86.0,0.6332871162805092
38,scatter,,sub-22,Within-Subject,82.0,0.4316573934215846
38,scatter,,sub-22,Within-Subject,87.0,0.7200892506975998
38,scatter,,sub-22,Within-Subject,88.0,0.6752140842243378
38,scatter,,sub-22,Within-Subject,90.0,0.6469554491873728
38,scatter,,sub-22,Within-Subject,86.0,0.710731782990257
38,scatter,,sub-22,Within-Subject,82.0,0.6928716754951384
38,scatter,,sub-22,Within-Subject,85.0,0.5053922194384799
38,scatter,,sub-22,Within-Subject,81.0,0.6747361882381314
38,scatter,,sub-22,Within-Subject,90.0,0.4187695406450862
38,scatter,,sub-22,Within-Subject,71.0,0.6104875395879007
38,scatter,,sub-22,Within-Subject,91.0,0.33464278513908396
38,scatter,,sub-22,Within-Subject,85.0,0.6548152841874836
38,scatter,,sub-22,Within-Subject,92.0,0.5765343698993324
38,scatter,,sub-22,Within-Subject,86.0,0.5719982830943259
38,scatter,,sub-22,Within-Subject,88.0,0.41495421361937024
38,scatter,,sub-22,Within-Subject,91.0,0.6567339503420214
38,scatter,,sub-22,Within-Subject,92.0,0.5448585672616062
38,scatter,,sub-22,Within-Subject,84.0,0.5555778163214897
38,scatter,,sub-22,Within-Subject,92.0,0.3047287394729987
38,scatter,,sub-22,Within-Subject,77.0,0.5738350610822137
38,scatter,,sub-22,Within-Subject,88.0,0.4754293638566369
38,scatter,,sub-22,Within-Subject,81.0,0.30976048960453895
39,scatter,,sub-22,Within-Subject,60.0,0.5327648243613038
39,scatter,,sub-22,Within-Subject,94.0,0.5330578223997097
40,scatter,,,LOSO,70.0,0.5890696735627927
40,scatter,,,LOSO,70.0,0.4615345814314743
40,scatter,,,LOSO,71.0,0.37539344851097534
40,scatter,,,LOSO,74.0,0.3603299744089268
40,scatter,,,LOSO,69.0,0.5547303245946178
40,scatter,,,LOSO,81.0,0.44633371118512166
40,scatter,,,LOSO,70.0,0.6468402146538526
40,scatter,,,LOSO,86.0,0.49223961299869634
40,scatter,,,LOSO,90.0,0.43781302044933157
40,scatter,,,LOSO,94.0,0.5581662393352073
40,scatter,,,LOSO,94.0,0.5315066026986461
40,scatter,,,LOSO,94.0,0.6611099808752046
40,scatter,,,LOSO,83.0,0.3777543152556184
40,scatter,,,LOSO,92.0,0.4485349303855152
40,scatter,,,LOSO,82.0,0.5266807579860324
40,scatter,,,LOSO,74.0,0.5113605825651082
40,scatter,,,LOSO,60.0,0.4294775346457763
40,scatter,,,LOSO,77.0,0.47652296189967647
40,scatter,,,LOSO,86.0,0.4051685514931528
40,scatter,,,LOSO,78.0,0.4700667641864169
40,scatter,,,LOSO,91.0,0.4170267353325523
40,scatter,,,LOSO,84.0,0.4041123169708509
40,scatter,,,LOSO,82.0,0.4119528766147139
40,scatter,,,LOSO,71.0,0.5256499144878517
40,scatter,,,LOSO,88.0,0.39931812361496233
40,scatter,,,LOSO,85.0,0.4752823207074338
40,scatter,,,LOSO,86.0,0.5336402324775945
40,scatter,,,LOSO,82.0,0.5964747333459215
40,scatter,,,LOSO,87.0,0.5337155257496549
40,scatter,,,LOSO,88.0,0.459942596204735
40,scatter,,,LOSO,90.0,0.5203718577100475
40,scatter,,,LOSO,86.0,0.4955978924901021
40,scatter,,,LOSO,82.0,0.45797756604517437
40,scatter,,,LOSO,85.0,0.48390740534818333
40,scatter,,,LOSO,81.0,0.5362580881196667
40,scatter,,,LOSO,90.0,0.3973751990728329
40,scatter,,,LOSO,71.0,0.5066980859651662
40,scatter,,,LOSO,91.0,0.4492357331393856
40,scatter,,,LOSO,85.0,0.4506349061669763
40,scatter,,,LOSO,92.0,0.48186088170335917
40,scatter,,,LOSO,86.0,0.3659390567199209
40,scatter,,,LOSO,88.0,0.6567374246739043
40,scatter,,,LOSO,91.0,0.6064139262821848
40,scatter,,,LOSO,92.0,0.5419661318288173
40,scatter,,,LOSO,84.0,0.5517387493403256
40,scatter,,,LOSO,92.0,0.4761153315097717
40,scatter,,,LOSO,77.0,0.5308624860361197
40,scatter,,,LOSO,88.0,0.5038683088081234
40,scatter,,,LOSO,81.0,0.5552536600581931
41,scatter,,,LOSO,60.0,0.483667473069336
41,scatter,,,LOSO,94.0,0.49529708646851645
42,scatter,,sub-24,Within-Subject,77.0,0.6825214068304506
42,scatter,,sub-24,Within-Subject,79.0,0.8180871106364929
42,scatter,,sub-24,Within-Subject,81.0,0.8285702006901956
42,scatter,,sub-24,Within-Subject,84.0,0.8413678786275383
42,scatter,,sub-24,Within-Subject,82.0,0.8619844275146761
42,scatter,,sub-24,Within-Subject,65.0,0.40164173017657123
42,scatter,,sub-24,Within-Subject,77.0,0.7969816324876842
42,scatter,,sub-24,Within-Subject,70.0,0.6648309632684168
42,scatter,,sub-24,Within-Subject,74.0,0.7948356590842106
42,scatter,,sub-24,Within-Subject,77.0,0.7918766017229469
42,scatter,,sub-24,Within-Subject,85.0,0.513091228424633
42,scatter,,sub-24,Within-Subject,77.0,0.7865126430182343
42,scatter,,sub-24,Within-Subject,70.0,0.7378880369708802
42,scatter,,sub-24,Within-Subject,68.0,0.5788172379092952
42,scatter,,sub-24,Within-Subject,72.0,0.4844628883376385
42,scatter,,sub-24,Within-Subject,69.0,0.4480979827358631
42,scatter,,sub-24,Within-Subject,57.0,0.580179064131659
42,scatter,,sub-24,Within-Subject,60.0,0.5487832229693996
42,scatter,,sub-24,Within-Subject,79.0,0.722080657257381
42,scatter,,sub-24,Within-Subject,75.0,0.46071306974595816
42,scatter,,sub-24,Within-Subject,68.0,0.6991568325595017
42,scatter,,sub-24,Within-Subject,72.0,0.7288952134351641
42,scatter,,sub-24,Within-Subject,71.0,0.4672400430554591
42,scatter,,sub-24,Within-Subject,68.0,0.7859792427377292
42,scatter,,sub-24,Within-Subject,70.0,0.810154013324426
42,scatter,,sub-24,Within-Subject,72.0,0.5891124264838665
42,scatter,,sub-24,Within-Subject,73.0,0.8200035255787327
42,scatter,,sub-24,Within-Subject,67.0,0.6700462392447747
42,scatter,,sub-24,Within-Subject,65.0,0.5371244586469984
42,scatter,,sub-24,Within-Subject,63.0,0.724580116893036
42,scatter,,sub-24,Within-Subject,64.0,0.8803864659216986
42,scatter,,sub-24,Within-Subject,68.0,0.7157273085895709
42,scatter,,sub-24,Within-Subject,66.0,0.6706566513840935
42,scatter,,sub-24,Within-Subject,61.0,0.7981777549349949
42,scatter,,sub-24,Within-Subject,61.0,0.663185156271348
43,scatter,,sub-24,Within-Subject,57.0,0.6073481087048508
43,scatter,,sub-24,Within-Subject,85.0,0.7579656453595023
44,scatter,,,LOSO,77.0,0.4495858597598422
44,scatter,,,LOSO,79.0,0.4059689031222491
44,scatter,,,LOSO,81.0,0.49423964485967875
44,scatter,,,LOSO,84.0,0.5206559657520908
44,scatter,,,LOSO,82.0,0.47848514505278794
44,scatter,,,LOSO,65.0,0.37087537019637973
44,scatter,,,LOSO,77.0,0.41762846615194404
44,scatter,,,LOSO,70.0,0.4616077172767148
44,scatter,,,LOSO,74.0,0.47564318058672383
44,scatter,,,LOSO,77.0,0.4262812416544097
44,scatter,,,LOSO,85.0,0.5399726209270324
44,scatter,,,LOSO,77.0,0.45958820916817933
44,scatter,,,LOSO,70.0,0.5006406143685207
44,scatter,,,LOSO,68.0,0.553418926505958
44,scatter,,,LOSO,72.0,0.5364960954003793
44,scatter,,,LOSO,69.0,0.4673683854971944
44,scatter,,,LOSO,57.0,0.4419645273267227
44,scatter,,,LOSO,60.0,0.38897062672407673
44,scatter,,,LOSO,79.0,0.49445578330830475
44,scatter,,,LOSO,75.0,0.46872779299418876
44,scatter,,,LOSO,68.0,0.5753241054557525
44,scatter,,,LOSO,72.0,0.4963111715809524
44,scatter,,,LOSO,71.0,0.5955935364443528
44,scatter,,,LOSO,68.0,0.5182751366876879
44,scatter,,,LOSO,70.0,0.5187746589878732
44,scatter,,,LOSO,72.0,0.48447321262995124
44,scatter,,,LOSO,73.0,0.4929476701445996
44,scatter,,,LOSO,67.0,0.5339435145160042
44,scatter,,,LOSO,65.0,0.4796467518878351
44,scatter,,,LOSO,63.0,0.4608115761684233
44,scatter,,,LOSO,64.0,0.448609558624991
44,scatter,,,LOSO,68.0,0.5741444859624046
44,scatter,,,LOSO,66.0,0.47065645716112187
44,scatter,,,LOSO,61.0,0.5098490499852528
44,scatter,,,LOSO,61.0,0.5393420481145009
45,scatter,,,LOSO,57.0,0.48189376334463496
45,scatter,,,LOSO,85.0,0.49242200771422856
46,scatter,,sub-25,Within-Subject,76.0,0.4539118842294398
46,scatter,,sub-25,Within-Subject,83.0,0.4085313781141856
46,scatter,,sub-25,Within-Subject,79.0,0.5454564669605642
46,scatter,,sub-25,Within-Subject,97.0,0.4960446505032009
46,scatter,,sub-25,Within-Subject,91.0,0.6000784103027851
46,scatter,,sub-25,Within-Subject,97.0,0.5608542677338473
46,scatter,,sub-25,Within-Subject,83.0,0.4292508979251657
46,scatter,,sub-25,Within-Subject,75.0,0.3822642770104151
46,scatter,,sub-25,Within-Subject,72.0,0.319720899488965
46,scatter,,sub-25,Within-Subject,78.0,0.5905112943757849
46,scatter,,sub-25,Within-Subject,78.0,0.5637770435733915
46,scatter,,sub-25,Within-Subject,85.0,0.5471758122384369
46,scatter,,sub-25,Within-Subject,91.0,0.4742771152641519
46,scatter,,sub-25,Within-Subject,56.0,0.48049642513958735
46,scatter,,sub-25,Within-Subject,79.0,0.5155802142763416
46,scatter,,sub-25,Within-Subject,97.0,0.4861383119291808
46,scatter,,sub-25,Within-Subject,91.0,0.39155194035064456
46,scatter,,sub-25,Within-Subject,90.0,0.4279905269339996
46,scatter,,sub-25,Within-Subject,50.0,0.3934581094151095
46,scatter,,sub-25,Within-Subject,94.0,0.5932158909153854
47,scatter,,sub-25,Within-Subject,50.0,0.41076200099012994
47,scatter,,sub-25,Within-Subject,97.0,0.5165519580824434
48,scatter,,,LOSO,76.0,0.6062396191665962
48,scatter,,,LOSO,83.0,0.38389535518619944
48,scatter,,,LOSO,79.0,0.5744714768040331
48,scatter,,,LOSO,97.0,0.5365615058816331
48,scatter,,,LOSO,91.0,0.5989577223416866
48,scatter,,,LOSO,97.0,0.5468979523804234
48,scatter,,,LOSO,83.0,0.43390463503964805
48,scatter,,,LOSO,75.0,0.5262975457700921
48,scatter,,,LOSO,72.0,0.40475053314341625
48,scatter,,,LOSO,78.0,0.5139954272340878
48,scatter,,,LOSO,78.0,0.5147276532224084
48,scatter,,,LOSO,85.0,0.3996737871880902
48,scatter,,,LOSO,91.0,0.47244712644255416
48,scatter,,,LOSO,56.0,0.47208276068858723
48,scatter,,,LOSO,79.0,0.4856177255110984
48,scatter,,,LOSO,97.0,0.5937181224722866
48,scatter,,,LOSO,91.0,0.43384340749571537
48,scatter,,,LOSO,90.0,0.44718259366687624
48,scatter,,,LOSO,50.0,0.44516335797553125
48,scatter,,,LOSO,94.0,0.6092043920575155
49,scatter,,,LOSO,50.0,0.443279390292423
49,scatter,,,LOSO,97.0,0.5263013685004306
50,scatter,,sub-26,Within-Subject,99.0,0.5897832600164897
50,scatter,,sub-26,Within-Subject,99.0,0.605854080338016
50,scatter,,sub-26,Within-Subject,100.0,0.668942387355967
50,scatter,,sub-26,Within-Subject,100.0,0.635389616801359
50,scatter,,sub-26,Within-Subject,80.0,0.5810093371243
50,scatter,,sub-26,Within-Subject,95.0,0.6519485600705788
50,scatter,,sub-26,Within-Subject,90.0,0.6649491866352413
50,scatter,,sub-26,Within-Subject,67.0,0.472084803944574
50,scatter,,sub-26,Within-Subject,54.0,0.5916791329573395
50,scatter,,sub-26,Within-Subject,93.0,0.37989298766815527
50,scatter,,sub-26,Within-Subject,99.0,0.6242595041726802
50,scatter,,sub-26,Within-Subject,95.0,0.38291937170785795
50,scatter,,sub-26,Within-Subject,97.0,0.5075488041438845
50,scatter,,sub-26,Within-Subject,98.0,0.5129863348443755
50,scatter,,sub-26,Within-Subject,68.0,0.4213382772089833
50,scatter,,sub-26,Within-Subject,90.0,0.39170911105730577
50,scatter,,sub-26,Within-Subject,97.0,0.573447478418709
50,scatter,,sub-26,Within-Subject,96.0,0.533279146287562
50,scatter,,sub-26,Within-Subject,82.0,0.6949363013207595
50,scatter,,sub-26,Within-Subject,98.0,0.6769669031719883
50,scatter,,sub-26,Within-Subject,50.0,0.2475090598490547
50,scatter,,sub-26,Within-Subject,83.0,0.5201105530917085
50,scatter,,sub-26,Within-Subject,66.0,0.414253340447458
50,scatter,,sub-26,Within-Subject,91.0,0.4903491536733251
51,scatter,,sub-26,Within-Subject,50.0,0.3988500816227813
51,scatter,,sub-26,Within-Subject,100.0,0.5826575637739042
52,scatter,,,LOSO,99.0,0.5199138497711496
52,scatter,,,LOSO,99.0,0.6608639524809304
52,scatter,,,LOSO,100.0,0.543808956367496
52,scatter,,,LOSO,100.0,0.49554857325388035
52,scatter,,,LOSO,80.0,0.5011182730107514
52,scatter,,,LOSO,95.0,0.550421341634912
52,scatter,,,LOSO,90.0,0.5258649060358285
52,scatter,,,LOSO,67.0,0.40111706031155336
52,scatter,,,LOSO,54.0,0.3964878933827065
52,scatter,,,LOSO,93.0,0.3760136874786868
52,scatter,,,LOSO,99.0,0.4236908488177125
52,scatter,,,LOSO,95.0,0.5240344718156933
52,scatter,,,LOSO,97.0,0.4400202484363961
52,scatter,,,LOSO,98.0,0.4932582610767656
52,scatter,,,LOSO,68.0,0.44070070073169626
52,scatter,,,LOSO,90.0,0.5472617330815268
52,scatter,,,LOSO,97.0,0.5691215571103289
52,scatter,,,LOSO,96.0,0.5158519473742832
52,scatter,,,LOSO,82.0,0.5292135896494821
52,scatter,,,LOSO,98.0,0.5048802894928985
52,scatter,,,LOSO,50.0,0.46858960271722827
52,scatter,,,LOSO,83.0,0.5941214396147232
52,scatter,,,LOSO,66.0,0.5220623419155266
52,scatter,,,LOSO,91.0,0.5721304328630765
53,scatter,,,LOSO,50.0,0.44114460745151374
53,scatter,,,LOSO,100.0,0.5273128926594565
54,scatter,,sub-27,Within-Subject,86.0,0.34907446669140585
54,scatter,,sub-27,Within-Subject,94.0,0.5349143925883433
54,scatter,,sub-27,Within-Subject,90.0,0.5810036514321273
54,scatter,,sub-27,Within-Subject,95.0,0.4802209633618756
54,scatter,,sub-27,Within-Subject,84.0,0.5788091152380377
54,scatter,,sub-27,Within-Subject,95.0,0.36303214670876793
54,scatter,,sub-27,Within-Subject,97.0,0.5504920052171265
54,scatter,,sub-27,Within-Subject,95.0,0.5190078669144345
54,scatter,,sub-27,Within-Subject,97.0,0.4983078160096826
54,scatter,,sub-27,Within-Subject,97.0,0.4997040367855884
54,scatter,,sub-27,Within-Subject,98.0,0.4972433605872828
54,scatter,,sub-27,Within-Subject,99.0,0.4964798628368852
54,scatter,,sub-27,Within-Subject,99.0,0.5552729489608444
54,scatter,,sub-27,Within-Subject,99.0,0.3393424887355529
54,scatter,,sub-27,Within-Subject,98.0,0.44004928489831374
54,scatter,,sub-27,Within-Subject,97.0,0.5058000884964406
54,scatter,,sub-27,Within-Subject,99.0,0.5841421076051165
54,scatter,,sub-27,Within-Subject,97.0,0.6336633247489241
54,scatter,,sub-27,Within-Subject,98.0,0.3353147234464341
54,scatter,,sub-27,Within-Subject,97.0,0.4363933883562054
54,scatter,,sub-27,Within-Subject,99.0,0.5244062258928287
54,scatter,,sub-27,Within-Subject,98.0,0.604564674549628
54,scatter,,sub-27,Within-Subject,99.0,0.4338854593721009
54,scatter,,sub-27,Within-Subject,96.0,0.45571374249447405
54,scatter,,sub-27,Within-Subject,99.0,0.4683716337849556
54,scatter,,sub-27,Within-Subject,100.0,0.4638076621324931
54,scatter,,sub-27,Within-Subject,97.0,0.4346129208226984
54,scatter,,sub-27,Within-Subject,98.0,0.5503525243265529
55,scatter,,sub-27,Within-Subject,84.0,0.4988712747908691
55,scatter,,sub-27,Within-Subject,100.0,0.4870724197810505
56,scatter,,,LOSO,86.0,0.563193198688467
56,scatter,,,LOSO,94.0,0.5784560316235927
56,scatter,,,LOSO,90.0,0.552706465334317
56,scatter,,,LOSO,95.0,0.31673847488230156
56,scatter,,,LOSO,84.0,0.523317539976465
56,scatter,,,LOSO,95.0,0.4056734818381301
56,scatter,,,LOSO,97.0,0.4964139944642539
56,scatter,,,LOSO,95.0,0.5107468788302651
56,scatter,,,LOSO,97.0,0.46304657792305837
56,scatter,,,LOSO,97.0,0.6212668213358038
56,scatter,,,LOSO,98.0,0.4209778605165384
56,scatter,,,LOSO,99.0,0.5848537508306233
56,scatter,,,LOSO,99.0,0.4565398686764776
56,scatter,,,LOSO,99.0,0.45036852499825974
56,scatter,,,LOSO,98.0,0.5766208864736916
56,scatter,,,LOSO,97.0,0.4844765081889426
56,scatter,,,LOSO,99.0,0.4779291242959851
56,scatter,,,LOSO,97.0,0.4942943359544796
56,scatter,,,LOSO,98.0,0.44124428181570574
56,scatter,,,LOSO,97.0,0.5247769172631438
56,scatter,,,LOSO,99.0,0.4740344061153605
56,scatter,,,LOSO,98.0,0.5290886463827912
56,scatter,,,LOSO,99.0,0.3782386808137851
56,scatter,,,LOSO,96.0,0.5030057931216348
56,scatter,,,LOSO,99.0,0.5667492564364139
56,scatter,,,LOSO,100.0,0.48361462507034964
56,scatter,,,LOSO,97.0,0.4693752434108127
56,scatter,,,LOSO,98.0,0.5380226741734655
57,scatter,,,LOSO,84.0,0.5406183768310777
57,scatter,,,LOSO,100.0,0.4825757703691619
58,scatter,,sub-28,Within-Subject,86.0,0.6573149818115663
58,scatter,,sub-28,Within-Subject,89.0,0.6167652703339955
58,scatter,,sub-28,Within-Subject,84.0,0.6939006655065831
58,scatter,,sub-28,Within-Subject,72.0,0.5396914897783731
58,scatter,,sub-28,Within-Subject,80.0,0.31554578758732543
58,scatter,,sub-28,Within-Subject,70.0,0.6263421533388365
58,scatter,,sub-28,Within-Subject,76.0,0.6272292300472408
58,scatter,,sub-28,Within-Subject,99.0,0.20471730892338413
58,scatter,,sub-28,Within-Subject,100.0,0.6969092539282914
58,scatter,,sub-28,Within-Subject,89.0,0.7065952146737224
58,scatter,,sub-28,Within-Subject,92.0,0.40332809848461537
58,scatter,,sub-28,Within-Subject,52.0,0.6103692615801091
58,scatter,,sub-28,Within-Subject,89.0,0.6217948023011025
58,scatter,,sub-28,Within-Subject,77.0,0.7409000770682583
58,scatter,,sub-28,Within-Subject,84.0,0.5238552177026966
58,scatter,,sub-28,Within-Subject,89.0,0.40953728732191097
58,scatter,,sub-28,Within-Subject,99.0,0.6838595339277371
58,scatter,,sub-28,Within-Subject,92.0,0.6406246273136946
58,scatter,,sub-28,Within-Subject,76.0,0.2476266830651359
58,scatter,,sub-28,Within-Subject,71.0,0.6091577960431314
58,scatter,,sub-28,Within-Subject,88.0,0.6061591860407858
58,scatter,,sub-28,Within-Subject,91.0,0.6370936213500724
58,scatter,,sub-28,Within-Subject,79.0,0.5052193044961515
58,scatter,,sub-28,Within-Subject,92.0,0.7315217332517133
58,scatter,,sub-28,Within-Subject,65.0,0.6450662316207394
59,scatter,,sub-28,Within-Subject,52.0,0.5858794302060498
59,scatter,,sub-28,Within-Subject,100.0,0.5646229321171955
60,scatter,,,LOSO,86.0,0.6355556971340213
60,scatter,,,LOSO,89.0,0.5157628764809534
60,scatter,,,LOSO,84.0,0.6456632265619633
60,scatter,,,LOSO,72.0,0.5051497286805581
60,scatter,,,LOSO,80.0,0.4415677420036931
60,scatter,,,LOSO,70.0,0.3936285588874969
60,scatter,,,LOSO,76.0,0.5135462354877016
60,scatter,,,LOSO,99.0,0.5450506429281552
60,scatter,,,LOSO,100.0,0.5433143758337883
60,scatter,,,LOSO,89.0,0.3640252134769759
60,scatter,,,LOSO,92.0,0.5810128511912918
60,scatter,,,LOSO,52.0,0.6151556412814462
60,scatter,,,LOSO,89.0,0.5586888224297131
60,scatter,,,LOSO,77.0,0.4888045766566557
60,scatter,,,LOSO,84.0,0.5837885705461459
60,scatter,,,LOSO,89.0,0.44130996262139666
60,scatter,,,LOSO,99.0,0.5791536206626346
60,scatter,,,LOSO,92.0,0.44661928917356647
60,scatter,,,LOSO,76.0,0.4986495749845131
60,scatter,,,LOSO,71.0,0.5201285990225513
60,scatter,,,LOSO,88.0,0.5604412715493151
60,scatter,,,LOSO,91.0,0.5537119997655049
60,scatter,,,LOSO,79.0,0.43459671475535755
60,scatter,,,LOSO,92.0,0.4943703583305799
60,scatter,,,LOSO,65.0,0.4470009219435807
61,scatter,,,LOSO,52.0,0.4929873510014903
61,scatter,,,LOSO,100.0,0.5287576945007354
62,scatter,,sub-29,Within-Subject,83.0,0.5501864797316426
62,scatter,,sub-29,Within-Subject,76.0,0.44441489418397206
62,scatter,,sub-29,Within-Subject,65.0,0.563366798515498
62,scatter,,sub-29,Within-Subject,75.0,0.5252435524210156
62,scatter,,sub-29,Within-Subject,78.0,0.5196871213157227
62,scatter,,sub-29,Within-Subject,85.0,0.3980728652615539
62,scatter,,sub-29,Within-Subject,76.0,0.4639740214223804
62,scatter,,sub-29,Within-Subject,70.0,0.45957879356094966
62,scatter,,sub-29,Within-Subject,63.0,0.5071553329325285
62,scatter,,sub-29,Within-Subject,63.0,0.4290157887266982
62,scatter,,sub-29,Within-Subject,60.0,0.510540645272938
62,scatter,,sub-29,Within-Subject,66.0,0.46358391525612974
62,scatter,,sub-29,Within-Subject,70.0,0.5147851060330172
62,scatter,,sub-29,Within-Subject,78.0,0.532182139793322
62,scatter,,sub-29,Within-Subject,67.0,0.5750837192701974
62,scatter,,sub-29,Within-Subject,27.0,0.49876409478068173
62,scatter,,sub-29,Within-Subject,92.0,0.4803678679743535
62,scatter,,sub-29,Within-Subject,49.0,0.5130290284029253
62,scatter,,sub-29,Within-Subject,13.0,0.4005468658501272
62,scatter,,sub-29,Within-Subject,19.0,0.482735462700013
62,scatter,,sub-29,Within-Subject,96.0,0.39326933997394253
62,scatter,,sub-29,Within-Subject,98.0,0.49822008410726115
62,scatter,,sub-29,Within-Subject,94.0,0.4808430719546246
62,scatter,,sub-29,Within-Subject,93.0,0.489448865325921
62,scatter,,sub-29,Within-Subject,96.0,0.4537619350222273
62,scatter,,sub-29,Within-Subject,85.0,0.4811233632427374
62,scatter,,sub-29,Within-Subject,66.0,0.4520960367648867
62,scatter,,sub-29,Within-Subject,92.0,0.40189371923430006
62,scatter,,sub-29,Within-Subject,97.0,0.3923270051956083
63,scatter,,sub-29,Within-Subject,13.0,0.4935823395249414
63,scatter,,sub-29,Within-Subject,98.0,0.4718446461023929
64,scatter,,,LOSO,83.0,0.4244791270849433
64,scatter,,,LOSO,76.0,0.5339896713789049
64,scatter,,,LOSO,65.0,0.5384530957699126
64,scatter,,,LOSO,75.0,0.4672343446408391
64,scatter,,,LOSO,78.0,0.4867658507739839
64,scatter,,,LOSO,85.0,0.6207200279129359
64,scatter,,,LOSO,76.0,0.5925836716565711
64,scatter,,,LOSO,70.0,0.4777588556068705
64,scatter,,,LOSO,63.0,0.5399632162633352
64,scatter,,,LOSO,63.0,0.562530754055781
64,scatter,,,LOSO,60.0,0.45606204872116574
64,scatter,,,LOSO,66.0,0.5034104485886133
64,scatter,,,LOSO,70.0,0.5230698552158268
64,scatter,,,LOSO,78.0,0.530978404910422
64,scatter,,,LOSO,67.0,0.4693486760312364
64,scatter,,,LOSO,27.0,0.39347925569569764
64,scatter,,,LOSO,92.0,0.4192790556161385
64,scatter,,,LOSO,49.0,0.530170414779492
64,scatter,,,LOSO,13.0,0.530475657874905
64,scatter,,,LOSO,19.0,0.6030804859523679
64,scatter,,,LOSO,96.0,0.4644395022720479
64,scatter,,,LOSO,98.0,0.6124342309447692
64,scatter,,,LOSO,94.0,0.4669787249456546
64,scatter,,,LOSO,93.0,0.46618271152957247
64,scatter,,,LOSO,96.0,0.5077284628612916
64,scatter,,,LOSO,85.0,0.485007535453753
64,scatter,,,LOSO,66.0,0.5574962083230565
64,scatter,,,LOSO,92.0,0.39291114096347857
64,scatter,,,LOSO,97.0,0.3969311074351499
65,scatter,,,LOSO,13.0,0.5376434179841288
65,scatter,,,LOSO,98.0,0.486211400984778
66,scatter,,sub-30,Within-Subject,100.0,0.42648361113569067
66,scatter,,sub-30,Within-Subject,86.0,0.4571607113991777
66,scatter,,sub-30,Within-Subject,89.0,0.4936947527424805
66,scatter,,sub-30,Within-Subject,97.0,0.4194194686735071
66,scatter,,sub-30,Within-Subject,100.0,0.5021963325828868
66,scatter,,sub-30,Within-Subject,76.0,0.7013895777087769
66,scatter,,sub-30,Within-Subject,100.0,0.6739798244129522
66,scatter,,sub-30,Within-Subject,82.0,0.685179403280824
66,scatter,,sub-30,Within-Subject,79.0,0.6465172484922449
66,scatter,,sub-30,Within-Subject,73.0,0.6455124271399941
66,scatter,,sub-30,Within-Subject,67.0,0.6132589914206161
66,scatter,,sub-30,Within-Subject,98.0,0.47426144701606343
66,scatter,,sub-30,Within-Subject,70.0,0.6937409393928984
66,scatter,,sub-30,Within-Subject,80.0,0.35516746452366166
66,scatter,,sub-30,Within-Subject,70.0,0.6553532675928518
66,scatter,,sub-30,Within-Subject,69.0,0.5943444521067341
66,scatter,,sub-30,Within-Subject,58.0,0.3135114277084109
66,scatter,,sub-30,Within-Subject,66.0,0.5763574690836527
66,scatter,,sub-30,Within-Subject,56.0,0.5600481550489784
66,scatter,,sub-30,Within-Subject,74.0,0.6294764492320186
66,scatter,,sub-30,Within-Subject,50.0,0.5432922807857932
66,scatter,,sub-30,Within-Subject,72.0,0.3009846090227066
66,scatter,,sub-30,Within-Subject,74.0,0.4315370953804335
67,scatter,,sub-30,Within-Subject,50.0,0.5630497011831618
67,scatter,,sub-30,Within-Subject,100.0,0.5192387168019224
68,scatter,,,LOSO,100.0,0.4628222315353191
68,scatter,,,LOSO,86.0,0.6168378560218545
68,scatter,,,LOSO,89.0,0.4505520634575075
68,scatter,,,LOSO,97.0,0.5307054205678824
68,scatter,,,LOSO,100.0,0.5465817492149925
68,scatter,,,LOSO,76.0,0.47279336958272555
68,scatter,,,LOSO,100.0,0.49962531051019987
68,scatter,,,LOSO,82.0,0.5224321390857938
68,scatter,,,LOSO,79.0,0.40551208448155585
68,scatter,,,LOSO,73.0,0.5244290287783588
68,scatter,,,LOSO,67.0,0.4514066406562335
68,scatter,,,LOSO,98.0,0.4223189254025288
68,scatter,,,LOSO,70.0,0.4437860204688022
68,scatter,,,LOSO,80.0,0.5329730204388223
68,scatter,,,LOSO,70.0,0.4786520218253114
68,scatter,,,LOSO,69.0,0.5476702457243892
68,scatter,,,LOSO,58.0,0.5070352309971007
68,scatter,,,LOSO,66.0,0.44326080649042277
68,scatter,,,LOSO,56.0,0.4701562821455238
68,scatter,,,LOSO,74.0,0.5745466488308655
68,scatter,,,LOSO,50.0,0.5313688944215973
68,scatter,,,LOSO,72.0,0.4114585775809209
68,scatter,,,LOSO,74.0,0.6268445696394149
69,scatter,,,LOSO,50.0,0.4966402994489793
69,scatter,,,LOSO,100.0,0.5006530549939163
70,scatter,,sub-31,Within-Subject,68.0,0.4438870058367424
70,scatter,,sub-31,Within-Subject,39.0,0.6091084344636651
70,scatter,,sub-31,Within-Subject,73.0,0.5722814677472533
70,scatter,,sub-31,Within-Subject,46.0,0.3645147431300092
70,scatter,,sub-31,Within-Subject,48.0,0.5428642872922439
70,scatter,,sub-31,Within-Subject,73.0,0.2609020446474126
70,scatter,,sub-31,Within-Subject,49.0,0.5740599978798425
70,scatter,,sub-31,Within-Subject,24.0,0.5634223367171588
70,scatter,,sub-31,Within-Subject,47.0,0.574196140141744
70,scatter,,sub-31,Within-Subject,32.0,0.6561163812415458
70,scatter,,sub-31,Within-Subject,16.0,0.6296534908660459
70,scatter,,sub-31,Within-Subject,48.0,0.5787890846534217
70,scatter,,sub-31,Within-Subject,33.0,0.3454206423366085
70,scatter,,sub-31,Within-Subject,31.0,0.6173172866918795
70,scatter,,sub-31,Within-Subject,17.0,0.436442564723821
70,scatter,,sub-31,Within-Subject,45.0,0.40457023838944717
70,scatter,,sub-31,Within-Subject,47.0,0.5023843612864419
70,scatter,,sub-31,Within-Subject,34.0,0.4420335299399777
70,scatter,,sub-31,Within-Subject,62.0,0.47000424713542743
70,scatter,,sub-31,Within-Subject,26.0,0.5231993609421427
71,scatter,,sub-31,Within-Subject,16.0,0.560737008529172
71,scatter,,sub-31,Within-Subject,73.0,0.44381575593126366
72,scatter,,,LOSO,68.0,0.46110499628026685
72,scatter,,,LOSO,39.0,0.5404050341885327
72,scatter,,,LOSO,73.0,0.3676610849495019
72,scatter,,,LOSO,46.0,0.6044306474692238
72,scatter,,,LOSO,48.0,0.3931020687925548
72,scatter,,,LOSO,73.0,0.474339938255104
72,scatter,,,LOSO,49.0,0.624192350322099
72,scatter,,,LOSO,24.0,0.6164248935094416
72,scatter,,,LOSO,47.0,0.5646338916556681
72,scatter,,,LOSO,32.0,0.5283405270286164
72,scatter,,,LOSO,16.0,0.5931461051862142
72,scatter,,,LOSO,48.0,0.6618875739536664
72,scatter,,,LOSO,33.0,0.4348910991415704
72,scatter,,,LOSO,31.0,0.5069212393942971
72,scatter,,,LOSO,17.0,0.4883486036190155
72,scatter,,,LOSO,45.0,0.47063898588914854
72,scatter,,,LOSO,47.0,0.5346085645454441
72,scatter,,,LOSO,34.0,0.47466122275225375
72,scatter,,,LOSO,62.0,0.47213901067786823
72,scatter,,,LOSO,26.0,0.5543444815359022
73,scatter,,,LOSO,16.0,0.5656312120330881
73,scatter,,,LOSO,73.0,0.46536186347105024
74,scatter,,sub-32,Within-Subject,87.0,0.2510129677477372
74,scatter,,sub-32,Within-Subject,84.0,0.6594214641757317
74,scatter,,sub-32,Within-Subject,76.0,0.6254121631183539
74,scatter,,sub-32,Within-Subject,77.0,0.6518317811270566
74,scatter,,sub-32,Within-Subject,68.0,0.5584961689964124
74,scatter,,sub-32,Within-Subject,70.0,0.5938983299186344
74,scatter,,sub-32,Within-Subject,75.0,0.582916454710104
74,scatter,,sub-32,Within-Subject,82.0,0.5487975534921713
74,scatter,,sub-32,Within-Subject,81.0,0.348112119168423
74,scatter,,sub-32,Within-Subject,93.0,0.5997796434685573
74,scatter,,sub-32,Within-Subject,61.0,0.6488875491706838
74,scatter,,sub-32,Within-Subject,29.0,0.5620512681873712
74,scatter,,sub-32,Within-Subject,42.0,0.5060005897351427
74,scatter,,sub-32,Within-Subject,46.0,0.35144466581408196
74,scatter,,sub-32,Within-Subject,49.0,0.4040475168662197
74,scatter,,sub-32,Within-Subject,91.0,0.3390516409745169
74,scatter,,sub-32,Within-Subject,80.0,0.6484444215759193
74,scatter,,sub-32,Within-Subject,78.0,0.6579279244919225
74,scatter,,sub-32,Within-Subject,71.0,0.5324729851672244
74,scatter,,sub-32,Within-Subject,89.0,0.4194805040646922
74,scatter,,sub-32,Within-Subject,75.0,0.5217386657714945
74,scatter,,sub-32,Within-Subject,77.0,0.4608979606428989
74,scatter,,sub-32,Within-Subject,81.0,0.4265742823184814
74,scatter,,sub-32,Within-Subject,82.0,0.5047459330475227
74,scatter,,sub-32,Within-Subject,70.0,0.5088930477499506
74,scatter,,sub-32,Within-Subject,75.0,0.5196872336932596
74,scatter,,sub-32,Within-Subject,63.0,0.5096976948172858
74,scatter,,sub-32,Within-Subject,42.0,0.5266314627228126
74,scatter,,sub-32,Within-Subject,90.0,0.3999746953026084
74,scatter,,sub-32,Within-Subject,81.0,0.5424146454395469
74,scatter,,sub-32,Within-Subject,86.0,0.6029570177415222
74,scatter,,sub-32,Within-Subject,76.0,0.4331215416769024
74,scatter,,sub-32,Within-Subject,33.0,0.5366013194418955
74,scatter,,sub-32,Within-Subject,88.0,0.5965874868974461
74,scatter,,sub-32,Within-Subject,73.0,0.3665372955864462
74,scatter,,sub-32,Within-Subject,75.0,0.3949657807304683
74,scatter,,sub-32,Within-Subject,94.0,0.6232326719305407
74,scatter,,sub-32,Within-Subject,85.0,0.427363899582704
74,scatter,,sub-32,Within-Subject,57.0,0.3331544991427619
75,scatter,,sub-32,Within-Subject,29.0,0.4985860098050201
75,scatter,,sub-32,Within-Subject,94.0,0.5093012832604947
76,scatter,,,LOSO,87.0,0.4034375301277986
76,scatter,,,LOSO,84.0,0.5911007058581024
76,scatter,,,LOSO,76.0,0.5772194641595675
76,scatter,,,LOSO,77.0,0.5298038757477047
76,scatter,,,LOSO,68.0,0.6360325821332404
76,scatter,,,LOSO,70.0,0.510981646210967
76,scatter,,,LOSO,75.0,0.5605736966004188
76,scatter,,,LOSO,82.0,0.5154544048045459
76,scatter,,,LOSO,81.0,0.4946368779159891
76,scatter,,,LOSO,93.0,0.5578255134945105
76,scatter,,,LOSO,61.0,0.492708685071844
76,scatter,,,LOSO,29.0,0.5242727916729916
76,scatter,,,LOSO,42.0,0.5698294734998522
76,scatter,,,LOSO,46.0,0.47646380582014125
76,scatter,,,LOSO,49.0,0.43134271394206947
76,scatter,,,LOSO,91.0,0.5500371065280139
76,scatter,,,LOSO,80.0,0.5586709559612192
76,scatter,,,LOSO,78.0,0.632025329914245
76,scatter,,,LOSO,71.0,0.5583218881749132
76,scatter,,,LOSO,89.0,0.601186600026592
76,scatter,,,LOSO,75.0,0.5140052473665737
76,scatter,,,LOSO,77.0,0.5448651470423227
76,scatter,,,LOSO,81.0,0.44386551736925256
76,scatter,,,LOSO,82.0,0.5003701635759497
76,scatter,,,LOSO,70.0,0.487560323827432
76,scatter,,,LOSO,75.0,0.5004126165740258
76,scatter,,,LOSO,63.0,0.43341449962538275
76,scatter,,,LOSO,42.0,0.45735667127429636
76,scatter,,,LOSO,90.0,0.5147890891686369
76,scatter,,,LOSO,81.0,0.5550534196438366
76,scatter,,,LOSO,86.0,0.5342092671587434
76,scatter,,,LOSO,76.0,0.45963819586972465
76,scatter,,,LOSO,33.0,0.5129494230376397
76,scatter,,,LOSO,88.0,0.44780263727761727
76,scatter,,,LOSO,73.0,0.48123432296706975
76,scatter,,,LOSO,75.0,0.5884230781380329
76,scatter,,,LOSO,94.0,0.5901631420761609
76,scatter,,,LOSO,85.0,0.5050292687219848
76,scatter,,,LOSO,57.0,0.4963963185637686
77,scatter,,,LOSO,29.0,0.49085587811433246
77,scatter,,,LOSO,94.0,0.5365616445937409
78,scatter,,sub-34,Within-Subject,99.0,0.2805217745478167
78,scatter,,sub-34,Within-Subject,93.0,0.6568852371538761
78,scatter,,sub-34,Within-Subject,99.0,0.3690850292889247
78,scatter,,sub-34,Within-Subject,98.0,0.5824064911912162
78,scatter,,sub-34,Within-Subject,94.0,0.5788798087319921
78,scatter,,sub-34,Within-Subject,97.0,0.5726343619670444
78,scatter,,sub-34,Within-Subject,94.0,0.4823893900125794
78,scatter,,sub-34,Within-Subject,97.0,0.6980907031116977
78,scatter,,sub-34,Within-Subject,93.0,0.672422694292933
78,scatter,,sub-34,Within-Subject,96.0,0.6576825193746704
78,scatter,,sub-34,Within-Subject,95.0,0.5184988843068581
78,scatter,,sub-34,Within-Subject,97.0,0.7256202973076732
78,scatter,,sub-34,Within-Subject,71.0,0.6500685892943803
78,scatter,,sub-34,Within-Subject,96.0,0.5362388272909454
78,scatter,,sub-34,Within-Subject,87.0,0.39561941020778557
78,scatter,,sub-34,Within-Subject,92.0,0.4801561324510853
78,scatter,,sub-34,Within-Subject,96.0,0.4588945784693321
78,scatter,,sub-34,Within-Subject,94.0,0.6057975795293761
78,scatter,,sub-34,Within-Subject,89.0,0.40191193951223414
78,scatter,,sub-34,Within-Subject,89.0,0.5605875345135666
78,scatter,,sub-34,Within-Subject,94.0,0.5104835398309568
78,scatter,,sub-34,Within-Subject,91.0,0.49537308932807
78,scatter,,sub-34,Within-Subject,94.0,0.5657732466135387
78,scatter,,sub-34,Within-Subject,91.0,0.3570890522202025
78,scatter,,sub-34,Within-Subject,90.0,0.4094386577114188
78,scatter,,sub-34,Within-Subject,89.0,0.6259777879011751
78,scatter,,sub-34,Within-Subject,94.0,0.7157768225728295
78,scatter,,sub-34,Within-Subject,95.0,0.5764185476272929
78,scatter,,sub-34,Within-Subject,86.0,0.5699906247725723
78,scatter,,sub-34,Within-Subject,96.0,0.4777216490135503
78,scatter,,sub-34,Within-Subject,94.0,0.4217511440409899
78,scatter,,sub-34,Within-Subject,96.0,0.4266774611299643
78,scatter,,sub-34,Within-Subject,94.0,0.4371504911514787
78,scatter,,sub-34,Within-Subject,96.0,0.6578596497922158
78,scatter,,sub-34,Within-Subject,96.0,0.6567749349668808
78,scatter,,sub-34,Within-Subject,95.0,0.4142338044253827
78,scatter,,sub-34,Within-Subject,82.0,0.41222350099613836
78,scatter,,sub-34,Within-Subject,95.0,0.5881948179759473
78,scatter,,sub-34,Within-Subject,98.0,0.4793313940456143
78,scatter,,sub-34,Within-Subject,96.0,0.5419444701677198
78,scatter,,sub-34,Within-Subject,95.0,0.6632396243077856
78,scatter,,sub-34,Within-Subject,95.0,0.5450405549889574
78,scatter,,sub-34,Within-Subject,95.0,0.6629899985840337
78,scatter,,sub-34,Within-Subject,96.0,0.5606008420881545
78,scatter,,sub-34,Within-Subject,96.0,0.6016027244869864
78,scatter,,sub-34,Within-Subject,93.0,0.3185832288899368
78,scatter,,sub-34,Within-Subject,91.0,0.6092233312411715
78,scatter,,sub-34,Within-Subject,95.0,0.32052827476338164
79,scatter,,sub-34,Within-Subject,71.0,0.5313198247458814
79,scatter,,sub-34,Within-Subject,99.0,0.5313987623767966
80,scatter,,,LOSO,99.0,0.3857953708902887
80,scatter,,,LOSO,93.0,0.5290339404580243
80,scatter,,,LOSO,99.0,0.5832530169625953
80,scatter,,,LOSO,98.0,0.6553209313346646
80,scatter,,,LOSO,94.0,0.5419198165870924
80,scatter,,,LOSO,97.0,0.6017741530574912
80,scatter,,,LOSO,94.0,0.4330284242730599
80,scatter,,,LOSO,97.0,0.5863215183912415
80,scatter,,,LOSO,93.0,0.4716739838212124
80,scatter,,,LOSO,96.0,0.4976721087013905
80,scatter,,,LOSO,95.0,0.5919974856287928
80,scatter,,,LOSO,97.0,0.6266698874681033
80,scatter,,,LOSO,71.0,0.5615686888730732
80,scatter,,,LOSO,96.0,0.5225818628791674
80,scatter,,,LOSO,87.0,0.34549865974690586
80,scatter,,,LOSO,92.0,0.7006908914720542
80,scatter,,,LOSO,96.0,0.6192640912888456
80,scatter,,,LOSO,94.0,0.5941473278399898
80,scatter,,,LOSO,89.0,0.46708072919496857
80,scatter,,,LOSO,89.0,0.6582973422863677
80,scatter,,,LOSO,94.0,0.40549670915380565
80,scatter,,,LOSO,91.0,0.41062856782088164
80,scatter,,,LOSO,94.0,0.6153851964885643
80,scatter,,,LOSO,91.0,0.5534561670006289
80,scatter,,,LOSO,90.0,0.39846010116882885
80,scatter,,,LOSO,89.0,0.5282574996675352
80,scatter,,,LOSO,94.0,0.5421813910810538
80,scatter,,,LOSO,95.0,0.5536886537551771
80,scatter,,,LOSO,86.0,0.38803205323444945
80,scatter,,,LOSO,96.0,0.43991398640412627
80,scatter,,,LOSO,94.0,0.4405967841488801
80,scatter,,,LOSO,96.0,0.5443420944877977
80,scatter,,,LOSO,94.0,0.3666858090385168
80,scatter,,,LOSO,96.0,0.4537205088253323
80,scatter,,,LOSO,96.0,0.5707064279958203
80,scatter,,,LOSO,95.0,0.5812851630301161
80,scatter,,,LOSO,82.0,0.4685643266334477
80,scatter,,,LOSO,95.0,0.40862727560171086
80,scatter,,,LOSO,98.0,0.5433363465352141
80,scatter,,,LOSO,96.0,0.5842009772814336
80,scatter,,,LOSO,95.0,0.4088032667070529
80,scatter,,,LOSO,95.0,0.41995334662088935
80,scatter,,,LOSO,95.0,0.454767240923562
80,scatter,,,LOSO,96.0,0.47900671801963113
80,scatter,,,LOSO,96.0,0.6293356733918605
80,scatter,,,LOSO,93.0,0.4234132847428157
80,scatter,,,LOSO,91.0,0.4340977817606898
80,scatter,,,LOSO,95.0,0.4512923982328927
81,scatter,,,LOSO,71.0,0.44657344843372304
81,scatter,,,LOSO,99.0,0.5255849844657876
82,scatter,,sub-37,Within-Subject,82.0,0.9225790420518188
82,scatter,,sub-37,Within-Subject,49.0,0.891440862844911
82,scatter,,sub-37,Within-Subject,99.0,0.8951293343593075
82,scatter,,sub-37,Within-Subject,33.0,0.8436212983414699
82,scatter,,sub-37,Within-Subject,49.0,0.8936103457716353
82,scatter,,sub-37,Within-Subject,68.0,0.9264860592245056
82,scatter,,sub-37,Within-Subject,48.0,0.9360783962180984
82,scatter,,sub-37,Within-Subject,23.0,0.9360099622585256
82,scatter,,sub-37,Within-Subject,6.0,0.6278361185751069
82,scatter,,sub-37,Within-Subject,87.0,0.7329370787863033
82,scatter,,sub-37,Within-Subject,48.0,0.7634965502240811
82,scatter,,sub-37,Within-Subject,82.0,0.6462297883483508
82,scatter,,sub-37,Within-Subject,92.0,0.6443101279133852
82,scatter,,sub-37,Within-Subject,47.0,0.6488818398015457
82,scatter,,sub-37,Within-Subject,29.0,0.9552442878962376
82,scatter,,sub-37,Within-Subject,47.0,0.631905259213563
82,scatter,,sub-37,Within-Subject,45.0,0.9121959234642436
82,scatter,,sub-37,Within-Subject,21.0,0.8001355088359974
82,scatter,,sub-37,Within-Subject,47.0,0.716574248470787
82,scatter,,sub-37,Within-Subject,75.0,0.7540615897095249
82,scatter,,sub-37,Within-Subject,79.0,0.49564044538963625
82,scatter,,sub-37,Within-Subject,6.0,0.668061612134213
82,scatter,,sub-37,Within-Subject,46.0,0.2601949467854979
82,scatter,,sub-37,Within-Subject,17.0,0.45439454554554604
82,scatter,,sub-37,Within-Subject,10.0,0.8272549512175156
82,scatter,,sub-37,Within-Subject,11.0,0.8394915007923908
82,scatter,,sub-37,Within-Subject,18.0,0.7953928600575503
82,scatter,,sub-37,Within-Subject,15.0,0.8951293267793916
82,scatter,,sub-37,Within-Subject,28.0,0.5696915124838267
82,scatter,,sub-37,Within-Subject,10.0,0.583768022447564
82,scatter,,sub-37,Within-Subject,18.0,0.7367756531039233
83,scatter,,sub-37,Within-Subject,6.0,0.7401885023410415
83,scatter,,sub-37,Within-Subject,99.0,0.7611289154499163
84,scatter,,,LOSO,82.0,0.46273737591160397
84,scatter,,,LOSO,49.0,0.4021006696927384
84,scatter,,,LOSO,99.0,0.46633174470923977
84,scatter,,,LOSO,33.0,0.4723181065935316
84,scatter,,,LOSO,49.0,0.5615837150903353
84,scatter,,,LOSO,68.0,0.4787911557422387
84,scatter,,,LOSO,48.0,0.5373409092244801
84,scatter,,,LOSO,23.0,0.4986951785005097
84,scatter,,,LOSO,6.0,0.39831421827799224
84,scatter,,,LOSO,87.0,0.5529577289116994
84,scatter,,,LOSO,48.0,0.45756178605986775
84,scatter,,,LOSO,82.0,0.5637764412371397
84,scatter,,,LOSO,92.0,0.5452858709366712
84,scatter,,,LOSO,47.0,0.5324895182184729
84,scatter,,,LOSO,29.0,0.4750737642293379
84,scatter,,,LOSO,47.0,0.5308564014672357
84,scatter,,,LOSO,45.0,0.5140627943551966
84,scatter,,,LOSO,21.0,0.5634790036200847
84,scatter,,,LOSO,47.0,0.613802343211774
84,scatter,,,LOSO,75.0,0.5625944872807322
84,scatter,,,LOSO,79.0,0.5254674538422763
84,scatter,,,LOSO,6.0,0.483725773899391
84,scatter,,,LOSO,46.0,0.45570084677643374
84,scatter,,,LOSO,17.0,0.5432912698785533
84,scatter,,,LOSO,10.0,0.4540827723393037
84,scatter,,,LOSO,11.0,0.431265200703837
84,scatter,,,LOSO,18.0,0.5482646611787046
84,scatter,,,LOSO,15.0,0.43114613350013065
84,scatter,,,LOSO,28.0,0.49944564588576645
84,scatter,,,LOSO,10.0,0.4202873426667053
84,scatter,,,LOSO,18.0,0.41889922405356617
85,scatter,,,LOSO,6.0,0.46859758983138106
85,scatter,,,LOSO,99.0,0.5394365763846574
86,scatter,,sub-38,Within-Subject,49.0,0.543228097358951
86,scatter,,sub-38,Within-Subject,44.0,0.44800532989082176
86,scatter,,sub-38,Within-Subject,63.0,0.5610117677548284
86,scatter,,sub-38,Within-Subject,58.0,0.2586265144377956
86,scatter,,sub-38,Within-Subject,44.0,0.47846882462823
86,scatter,,sub-38,Within-Subject,69.0,0.6151488773880482
86,scatter,,sub-38,Within-Subject,70.0,0.5715110813128463
86,scatter,,sub-38,Within-Subject,77.0,0.6638197230382255
86,scatter,,sub-38,Within-Subject,76.0,0.7181412322883465
86,scatter,,sub-38,Within-Subject,76.0,0.7227596124345438
86,scatter,,sub-38,Within-Subject,73.0,0.6704568749594177
86,scatter,,sub-38,Within-Subject,72.0,0.5948937846629574
86,scatter,,sub-38,Within-Subject,88.0,0.6439583633433993
86,scatter,,sub-38,Within-Subject,77.0,0.3327109116010734
86,scatter,,sub-38,Within-Subject,19.0,0.3726947233792423
86,scatter,,sub-38,Within-Subject,19.0,0.39610089312588126
86,scatter,,sub-38,Within-Subject,18.0,0.42089045721233587
86,scatter,,sub-38,Within-Subject,73.0,0.47484151703718314
86,scatter,,sub-38,Within-Subject,55.0,0.3798617782690537
86,scatter,,sub-38,Within-Subject,19.0,0.4420679557934919
86,scatter,,sub-38,Within-Subject,57.0,0.47590797155101516
86,scatter,,sub-38,Within-Subject,72.0,0.5020469914228205
86,scatter,,sub-38,Within-Subject,71.0,0.6248946840822527
86,scatter,,sub-38,Within-Subject,75.0,0.6199680256019611
87,scatter,,sub-38,Within-Subject,18.0,0.37858427512603327
87,scatter,,sub-38,Within-Subject,88.0,0.6242253517741949
88,scatter,,,LOSO,49.0,0.5364141896553176
88,scatter,,,LOSO,44.0,0.45582966181453644
88,scatter,,,LOSO,63.0,0.5688387415158593
88,scatter,,,LOSO,58.0,0.47297452708732335
88,scatter,,,LOSO,44.0,0.40778547759194345
88,scatter,,,LOSO,69.0,0.4769222842395755
88,scatter,,,LOSO,70.0,0.5058745597241104
88,scatter,,,LOSO,77.0,0.5392705454490275
88,scatter,,,LOSO,76.0,0.5113364462224124
88,scatter,,,LOSO,76.0,0.5132080109024066
88,scatter,,,LOSO,73.0,0.4521482649771358
88,scatter,,,LOSO,72.0,0.5113135037727288
88,scatter,,,LOSO,88.0,0.5097425292878167
88,scatter,,,LOSO,77.0,0.6059359179255522
88,scatter,,,LOSO,19.0,0.5927689958074979
88,scatter,,,LOSO,19.0,0.504197691477583
88,scatter,,,LOSO,18.0,0.5185944006069283
88,scatter,,,LOSO,73.0,0.36239290193486595
88,scatter,,,LOSO,55.0,0.5728221498142719
88,scatter,,,LOSO,19.0,0.38521166673106555
88,scatter,,,LOSO,57.0,0.38174250149926214
88,scatter,,,LOSO,72.0,0.5535500481903763
88,scatter,,,LOSO,71.0,0.46094586140059957
88,scatter,,,LOSO,75.0,0.5265573100702695
89,scatter,,,LOSO,18.0,0.48435202200628097
89,scatter,,,LOSO,88.0,0.5058745028294382
90,scatter,,sub-39,Within-Subject,100.0,0.5032308654508812
90,scatter,,sub-39,Within-Subject,99.0,0.4883153669644006
90,scatter,,sub-39,Within-Subject,98.0,0.4617372833692909
90,scatter,,sub-39,Within-Subject,99.0,0.3678956291317181
90,scatter,,sub-39,Within-Subject,98.0,0.5774662375076027
90,scatter,,sub-39,Within-Subject,94.0,0.7004737918709785
90,scatter,,sub-39,Within-Subject,99.0,0.7186575958281329
90,scatter,,sub-39,Within-Subject,99.0,0.7768191894997405
90,scatter,,sub-39,Within-Subject,99.0,0.7939799761839881
90,scatter,,sub-39,Within-Subject,100.0,0.6856060777130466
90,scatter,,sub-39,Within-Subject,99.0,0.4367390194461004
90,scatter,,sub-39,Within-Subject,94.0,0.70070866899579
90,scatter,,sub-39,Within-Subject,99.0,0.6848659410423855
90,scatter,,sub-39,Within-Subject,89.0,0.573362519599623
90,scatter,,sub-39,Within-Subject,81.0,0.7312016318872081
90,scatter,,sub-39,Within-Subject,87.0,0.6880375246054469
90,scatter,,sub-39,Within-Subject,87.0,0.6588935675220197
90,scatter,,sub-39,Within-Subject,87.0,0.741112248175205
90,scatter,,sub-39,Within-Subject,78.0,0.664914818647015
90,scatter,,sub-39,Within-Subject,99.0,0.6574937570474647
90,scatter,,sub-39,Within-Subject,99.0,0.6145571931354128
90,scatter,,sub-39,Within-Subject,99.0,0.7583886148039602
90,scatter,,sub-39,Within-Subject,88.0,0.4452966454306786
90,scatter,,sub-39,Within-Subject,96.0,0.6149515267250762
90,scatter,,sub-39,Within-Subject,97.0,0.7010741995927496
90,scatter,,sub-39,Within-Subject,89.0,0.6990117982264417
90,scatter,,sub-39,Within-Subject,78.0,0.628892785049707
90,scatter,,sub-39,Within-Subject,84.0,0.6968343612338953
90,scatter,,sub-39,Within-Subject,81.0,0.7195560886164263
90,scatter,,sub-39,Within-Subject,88.0,0.5843074243818247
90,scatter,,sub-39,Within-Subject,83.0,0.7014153538273316
90,scatter,,sub-39,Within-Subject,78.0,0.3471859695244735
90,scatter,,sub-39,Within-Subject,73.0,0.5259820934051582
90,scatter,,sub-39,Within-Subject,68.0,0.5321565586736846
90,scatter,,sub-39,Within-Subject,65.0,0.7625666042094984
90,scatter,,sub-39,Within-Subject,65.0,0.675636153088902
91,scatter,,sub-39,Within-Subject,65.0,0.6397940753276246
91,scatter,,sub-39,Within-Subject,100.0,0.6232824804665025
92,scatter,,,LOSO,100.0,0.5393187368457644
92,scatter,,,LOSO,99.0,0.5047248447454474
92,scatter,,,LOSO,98.0,0.4241596125301568
92,scatter,,,LOSO,99.0,0.6245411094846529
92,scatter,,,LOSO,98.0,0.5875835965463062
92,scatter,,,LOSO,94.0,0.583303721052573
92,scatter,,,LOSO,99.0,0.4954622473103229
92,scatter,,,LOSO,99.0,0.3945264423414981
92,scatter,,,LOSO,99.0,0.5022759744624617
92,scatter,,,LOSO,100.0,0.4703846506111141
92,scatter,,,LOSO,99.0,0.5805595989515383
92,scatter,,,LOSO,94.0,0.5614190032088333
92,scatter,,,LOSO,99.0,0.37783096834097946
92,scatter,,,LOSO,89.0,0.5262219633868009
92,scatter,,,LOSO,81.0,0.6400218275660291
92,scatter,,,LOSO,87.0,0.4920204677033147
92,scatter,,,LOSO,87.0,0.46432583464601185
92,scatter,,,LOSO,87.0,0.4310203182818919
92,scatter,,,LOSO,78.0,0.474182066478199
92,scatter,,,LOSO,99.0,0.3519477318663712
92,scatter,,,LOSO,99.0,0.45619711911405725
92,scatter,,,LOSO,99.0,0.4081749787276241
92,scatter,,,LOSO,88.0,0.5041865517395245
92,scatter,,,LOSO,96.0,0.49845913022777577
92,scatter,,,LOSO,97.0,0.41753755766094247
92,scatter,,,LOSO,89.0,0.35613335117552736
92,scatter,,,LOSO,78.0,0.5501998016885632
92,scatter,,,LOSO,84.0,0.4105210996908053
92,scatter,,,LOSO,81.0,0.4951681807304239
92,scatter,,,LOSO,88.0,0.5372035937924494
92,scatter,,,LOSO,83.0,0.49809426496806564
92,scatter,,,LOSO,78.0,0.4534128739000032
92,scatter,,,LOSO,73.0,0.5568465908306506
92,scatter,,,LOSO,68.0,0.4246255063851734
92,scatter,,,LOSO,65.0,0.4231772406586881
92,scatter,,,LOSO,65.0,0.40098051365471876
93,scatter,,,LOSO,65.0,0.47082229168289885
93,scatter,,,LOSO,100.0,0.4894868236180947
94,scatter,,sub-40,Within-Subject,80.0,0.4875254970644854
94,scatter,,sub-40,Within-Subject,86.0,0.7287854908892555
94,scatter,,sub-40,Within-Subject,78.0,0.32683419850027906
94,scatter,,sub-40,Within-Subject,73.0,0.539948970738431
94,scatter,,sub-40,Within-Subject,97.0,0.5547658118322132
94,scatter,,sub-40,Within-Subject,80.0,0.6780596980825038
94,scatter,,sub-40,Within-Subject,48.0,0.2653594187134256
94,scatter,,sub-40,Within-Subject,78.0,0.6231345282348254
94,scatter,,sub-40,Within-Subject,78.0,0.5062323539427547
94,scatter,,sub-40,Within-Subject,76.0,0.40643741193449257
94,scatter,,sub-40,Within-Subject,80.0,0.6254614642457818
94,scatter,,sub-40,Within-Subject,76.0,0.478266198613988
94,scatter,,sub-40,Within-Subject,67.0,0.4621396762224683
94,scatter,,sub-40,Within-Subject,78.0,0.4385699742834235
94,scatter,,sub-40,Within-Subject,69.0,0.38463395836436454
94,scatter,,sub-40,Within-Subject,81.0,0.584949950128607
94,scatter,,sub-40,Within-Subject,50.0,0.4479508908435284
94,scatter,,sub-40,Within-Subject,80.0,0.3350248388544914
94,scatter,,sub-40,Within-Subject,69.0,0.5563663916048497
94,scatter,,sub-40,Within-Subject,83.0,0.6169891615639985
94,scatter,,sub-40,Within-Subject,88.0,0.5396119545525457
94,scatter,,sub-40,Within-Subject,86.0,0.6165784216434967
94,scatter,,sub-40,Within-Subject,79.0,0.7868516533640435
94,scatter,,sub-40,Within-Subject,83.0,0.6012283337410993
94,scatter,,sub-40,Within-Subject,82.0,0.7218920405682391
94,scatter,,sub-40,Within-Subject,68.0,0.7230514740893554
94,scatter,,sub-40,Within-Subject,61.0,0.7580550262975869
94,scatter,,sub-40,Within-Subject,74.0,0.5518328108930683
94,scatter,,sub-40,Within-Subject,82.0,0.6776672327996062
94,scatter,,sub-40,Within-Subject,76.0,0.4768334793256849
94,scatter,,sub-40,Within-Subject,67.0,0.4607995581851987
94,scatter,,sub-40,Within-Subject,78.0,0.43781470397790456
94,scatter,,sub-40,Within-Subject,69.0,0.3850000397538782
94,scatter,,sub-40,Within-Subject,81.0,0.5847815132998769
94,scatter,,sub-40,Within-Subject,50.0,0.4482510200307404
94,scatter,,sub-40,Within-Subject,80.0,0.3344992358699346
94,scatter,,sub-40,Within-Subject,69.0,0.5574042892824582
94,scatter,,sub-40,Within-Subject,83.0,0.6164283514961723
94,scatter,,sub-40,Within-Subject,88.0,0.5399369106898847
94,scatter,,sub-40,Within-Subject,86.0,0.6159776619716196
94,scatter,,sub-40,Within-Subject,79.0,0.7864389393764374
94,scatter,,sub-40,Within-Subject,83.0,0.6010817084906639
94,scatter,,sub-40,Within-Subject,82.0,0.72229652593897
94,scatter,,sub-40,Within-Subject,68.0,0.721597522046858
94,scatter,,sub-40,Within-Subject,61.0,0.759241637676386
94,scatter,,sub-40,Within-Subject,74.0,0.5527242363718337
94,scatter,,sub-40,Within-Subject,82.0,0.6757385527879342
95,scatter,,sub-40,Within-Subject,48.0,0.46245469801980194
95,scatter,,sub-40,Within-Subject,97.0,0.6332320382489611
96,scatter,,,LOSO,80.0,0.5465597162929446
96,scatter,,,LOSO,86.0,0.4981397021719333
96,scatter,,,LOSO,78.0,0.5205094547261238
96,scatter,,,LOSO,73.0,0.464315811427714
96,scatter,,,LOSO,97.0,0.5884071761469862
96,scatter,,,LOSO,80.0,0.5215254533133881
96,scatter,,,LOSO,48.0,0.457498442423927
96,scatter,,,LOSO,78.0,0.5362771129231451
96,scatter,,,LOSO,78.0,0.573964561274803
96,scatter,,,LOSO,76.0,0.45202870425073227
96,scatter,,,LOSO,80.0,0.53716121376509
96,scatter,,,LOSO,76.0,0.5065639406603526
96,scatter,,,LOSO,67.0,0.5605267185968202
96,scatter,,,LOSO,78.0,0.5740958197684368
96,scatter,,,LOSO,69.0,0.571660789786034
96,scatter,,,LOSO,81.0,0.5145565234052105
96,scatter,,,LOSO,50.0,0.48472050348380186
96,scatter,,,LOSO,80.0,0.5685120026937778
96,scatter,,,LOSO,69.0,0.4024779180344642
96,scatter,,,LOSO,83.0,0.4206256488192855
96,scatter,,,LOSO,88.0,0.5202530635265209
96,scatter,,,LOSO,86.0,0.5122397943986747
96,scatter,,,LOSO,79.0,0.5753160401728805
96,scatter,,,LOSO,83.0,0.5858816595580305
96,scatter,,,LOSO,82.0,0.5199797727189385
96,scatter,,,LOSO,68.0,0.5910374457083692
96,scatter,,,LOSO,61.0,0.5404359438658479
96,scatter,,,LOSO,74.0,0.4708293704071545
96,scatter,,,LOSO,82.0,0.4531521467847856
97,scatter,,,LOSO,48.0,0.4874962549431349
97,scatter,,,LOSO,97.0,0.5433167828526801
98,scatter,,sub-41,Within-Subject,78.0,0.6799440197641583
98,scatter,,sub-41,Within-Subject,66.0,0.4252473086044233
98,scatter,,sub-41,Within-Subject,84.0,0.3805530666704192
98,scatter,,sub-41,Within-Subject,81.0,0.4424316514680485
98,scatter,,sub-41,Within-Subject,77.0,0.6005691053071821
98,scatter,,sub-41,Within-Subject,71.0,0.31793725355894
98,scatter,,sub-41,Within-Subject,73.0,0.5846416393253135
98,scatter,,sub-41,Within-Subject,72.0,0.6399851415745598
98,scatter,,sub-41,Within-Subject,64.0,0.3993523950165748
98,scatter,,sub-41,Within-Subject,69.0,0.5778624458814207
98,scatter,,sub-41,Within-Subject,75.0,0.4681012780414445
98,scatter,,sub-41,Within-Subject,72.0,0.518388232841524
98,scatter,,sub-41,Within-Subject,76.0,0.642387138032748
98,scatter,,sub-41,Within-Subject,80.0,0.6623605543557752
98,scatter,,sub-41,Within-Subject,69.0,0.3426172849607265
98,scatter,,sub-41,Within-Subject,62.0,0.5534148099365901
98,scatter,,sub-41,Within-Subject,72.0,0.4425973276917072
98,scatter,,sub-41,Within-Subject,77.0,0.490312445035297
98,scatter,,sub-41,Within-Subject,81.0,0.6461987521341567
98,scatter,,sub-41,Within-Subject,78.0,0.6805475036911296
98,scatter,,sub-41,Within-Subject,66.0,0.426441186196649
98,scatter,,sub-41,Within-Subject,84.0,0.38140798803229436
98,scatter,,sub-41,Within-Subject,81.0,0.4428284417624031
98,scatter,,sub-41,Within-Subject,77.0,0.6017445706774472
98,scatter,,sub-41,Within-Subject,71.0,0.31875936376275704
98,scatter,,sub-41,Within-Subject,73.0,0.584648391116298
98,scatter,,sub-41,Within-Subject,72.0,0.6394440478487708
98,scatter,,sub-41,Within-Subject,64.0,0.39975450647019284
98,scatter,,sub-41,Within-Subject,69.0,0.5768901216268916
98,scatter,,sub-41,Within-Subject,75.0,0.4666506667859455
98,scatter,,sub-41,Within-Subject,72.0,0.5175221497401394
98,scatter,,sub-41,Within-Subject,76.0,0.6423704450082606
98,scatter,,sub-41,Within-Subject,80.0,0.6635307787105911
98,scatter,,sub-41,Within-Subject,69.0,0.3413336201556372
98,scatter,,sub-41,Within-Subject,62.0,0.5520383493687215
98,scatter,,sub-41,Within-Subject,72.0,0.4455067301954207
98,scatter,,sub-41,Within-Subject,77.0,0.4907211503147694
98,scatter,,sub-41,Within-Subject,81.0,0.6458354454827752
99,scatter,,sub-41,Within-Subject,62.0,0.4558907577032375
99,scatter,,sub-41,Within-Subject,84.0,0.5708197787832188
100,scatter,,,LOSO,78.0,0.5375062716925254
100,scatter,,,LOSO,66.0,0.5277203637878489
100,scatter,,,LOSO,84.0,0.5532434947409426
100,scatter,,,LOSO,81.0,0.436343720632294
100,scatter,,,LOSO,77.0,0.5060647603515573
100,scatter,,,LOSO,71.0,0.5500410884942033
100,scatter,,,LOSO,73.0,0.541863764627988
100,scatter,,,LOSO,72.0,0.40712708288920174
100,scatter,,,LOSO,64.0,0.4920079434335548
100,scatter,,,LOSO,69.0,0.49041135860079116
100,scatter,,,LOSO,75.0,0.4550549683767185
100,scatter,,,LOSO,72.0,0.40846275185605024
100,scatter,,,LOSO,76.0,0.6194114603860187
100,scatter,,,LOSO,80.0,0.5099207055554937
100,scatter,,,LOSO,69.0,0.39497612106732527
100,scatter,,,LOSO,62.0,0.7116604571339544
100,scatter,,,LOSO,72.0,0.5437950953032928
100,scatter,,,LOSO,77.0,0.47775808209232584
100,scatter,,,LOSO,81.0,0.5037793129639809
101,scatter,,,LOSO,62.0,0.5354376423034224
101,scatter,,,LOSO,84.0,0.48505003689556236
102,scatter,,sub-42,Within-Subject,78.0,0.6482914106644444
102,scatter,,sub-42,Within-Subject,63.0,0.602107271745402
102,scatter,,sub-42,Within-Subject,77.0,0.7138568996793735
102,scatter,,sub-42,Within-Subject,82.0,0.5885131330539017
102,scatter,,sub-42,Within-Subject,85.0,0.6425353990096723
102,scatter,,sub-42,Within-Subject,86.0,0.6460869375446946
102,scatter,,sub-42,Within-Subject,69.0,0.31676033103877477
102,scatter,,sub-42,Within-Subject,66.0,0.6148421218728048
102,scatter,,sub-42,Within-Subject,67.0,0.3497889994325776
102,scatter,,sub-42,Within-Subject,73.0,0.4542327848657027
102,scatter,,sub-42,Within-Subject,73.0,0.5539560349849576
102,scatter,,sub-42,Within-Subject,80.0,0.6701805230619329
102,scatter,,sub-42,Within-Subject,55.0,0.5519955572191944
102,scatter,,sub-42,Within-Subject,73.0,0.6075381065402196
102,scatter,,sub-42,Within-Subject,72.0,0.3936871783427427
102,scatter,,sub-42,Within-Subject,58.0,0.42164506344932795
102,scatter,,sub-42,Within-Subject,73.0,0.6339093968569987
102,scatter,,sub-42,Within-Subject,83.0,0.19132595826357535
102,scatter,,sub-42,Within-Subject,85.0,0.6901667212099738
102,scatter,,sub-42,Within-Subject,68.0,0.5997750619032233
102,scatter,,sub-42,Within-Subject,79.0,0.6641620048646333
102,scatter,,sub-42,Within-Subject,80.0,0.5582385457310803
102,scatter,,sub-42,Within-Subject,78.0,0.6492313614208289
102,scatter,,sub-42,Within-Subject,63.0,0.6024139558172364
102,scatter,,sub-42,Within-Subject,77.0,0.7143915685714128
102,scatter,,sub-42,Within-Subject,82.0,0.5885378927660863
102,scatter,,sub-42,Within-Subject,85.0,0.6416620273272728
102,scatter,,sub-42,Within-Subject,86.0,0.6466456995503207
102,scatter,,sub-42,Within-Subject,69.0,0.316614642247499
102,scatter,,sub-42,Within-Subject,66.0,0.6140540914006238
102,scatter,,sub-42,Within-Subject,67.0,0.34968047304382766
102,scatter,,sub-42,Within-Subject,73.0,0.4543709600791619
102,scatter,,sub-42,Within-Subject,73.0,0.5531619618455969
102,scatter,,sub-42,Within-Subject,80.0,0.6693031257037497
102,scatter,,sub-42,Within-Subject,55.0,0.5514524186037821
102,scatter,,sub-42,Within-Subject,73.0,0.6056792613125142
102,scatter,,sub-42,Within-Subject,72.0,0.3944927501345271
102,scatter,,sub-42,Within-Subject,58.0,0.4226003765957147
102,scatter,,sub-42,Within-Subject,73.0,0.6345402586517241
102,scatter,,sub-42,Within-Subject,83.0,0.1911287181646375
102,scatter,,sub-42,Within-Subject,85.0,0.6899359496525177
102,scatter,,sub-42,Within-Subject,68.0,0.5991679436051334
102,scatter,,sub-42,Within-Subject,79.0,0.6648777321336413
102,scatter,,sub-42,Within-Subject,80.0,0.5606002827966985
103,scatter,,sub-42,Within-Subject,55.0,0.47286531184175895
103,scatter,,sub-42,Within-Subject,86.0,0.6006773845205444
104,scatter,,,LOSO,78.0,0.5586407974673993
104,scatter,,,LOSO,63.0,0.6072595735289622
104,scatter,,,LOSO,77.0,0.5779997594211672
104,scatter,,,LOSO,82.0,0.44594292588183926
104,scatter,,,LOSO,85.0,0.4239632007693201
104,scatter,,,LOSO,86.0,0.5489718218538634
104,scatter,,,LOSO,69.0,0.5494617528476503
104,scatter,,,LOSO,66.0,0.4990960529957535
104,scatter,,,LOSO,67.0,0.5260972682465805
104,scatter,,,LOSO,73.0,0.559248086199586
104,scatter,,,LOSO,73.0,0.4211040394048131
104,scatter,,,LOSO,80.0,0.5588129670058932
104,scatter,,,LOSO,55.0,0.4897683962992931
104,scatter,,,LOSO,73.0,0.5167923264902163
104,scatter,,,LOSO,72.0,0.4619836824231365
104,scatter,,,LOSO,58.0,0.6017209817803741
104,scatter,,,LOSO,73.0,0.5120076513242506
104,scatter,,,LOSO,83.0,0.5217422869643897
104,scatter,,,LOSO,85.0,0.6644622951165584
104,scatter,,,LOSO,68.0,0.5375616997240891
104,scatter,,,LOSO,79.0,0.5946126930670781
104,scatter,,,LOSO,80.0,0.5702043200701895
105,scatter,,,LOSO,55.0,0.5346111571260892
105,scatter,,,LOSO,86.0,0.5335660554040692
106,scatter,,sub-43,Within-Subject,82.0,0.6635617012075479
106,scatter,,sub-43,Within-Subject,95.0,0.6670422598402571
106,scatter,,sub-43,Within-Subject,84.0,0.6459492520371177
106,scatter,,sub-43,Within-Subject,95.0,0.5381593418765397
106,scatter,,sub-43,Within-Subject,88.0,0.6373715416571767
106,scatter,,sub-43,Within-Subject,86.0,0.2967132414786855
106,scatter,,sub-43,Within-Subject,87.0,0.6109655219255193
106,scatter,,sub-43,Within-Subject,95.0,0.426912843264994
106,scatter,,sub-43,Within-Subject,85.0,0.4955119572483243
106,scatter,,sub-43,Within-Subject,95.0,0.667426520489417
106,scatter,,sub-43,Within-Subject,83.0,0.5039517968714096
106,scatter,,sub-43,Within-Subject,89.0,0.6292096407637423
106,scatter,,sub-43,Within-Subject,98.0,0.614771349728694
106,scatter,,sub-43,Within-Subject,98.0,0.37883391126612476
106,scatter,,sub-43,Within-Subject,99.0,0.6700794054843822
106,scatter,,sub-43,Within-Subject,97.0,0.23374162084516048
106,scatter,,sub-43,Within-Subject,97.0,0.6278523017825559
106,scatter,,sub-43,Within-Subject,92.0,0.5518029777821163
106,scatter,,sub-43,Within-Subject,97.0,0.5158485482111699
106,scatter,,sub-43,Within-Subject,98.0,0.457133299196602
106,scatter,,sub-43,Within-Subject,90.0,0.5529269431724865
106,scatter,,sub-43,Within-Subject,99.0,0.5811947852969311
106,scatter,,sub-43,Within-Subject,97.0,0.47057553974319855
106,scatter,,sub-43,Within-Subject,97.0,0.46741748316773635
106,scatter,,sub-43,Within-Subject,96.0,0.5231796075799097
106,scatter,,sub-43,Within-Subject,99.0,0.5363792375452622
106,scatter,,sub-43,Within-Subject,91.0,0.34208243248058645
106,scatter,,sub-43,Within-Subject,97.0,0.6459119868389314
106,scatter,,sub-43,Within-Subject,87.0,0.31261998826492554
106,scatter,,sub-43,Within-Subject,100.0,0.513627462191378
106,scatter,,sub-43,Within-Subject,96.0,0.5464748484627258
106,scatter,,sub-43,Within-Subject,90.0,0.4722688916319091
106,scatter,,sub-43,Within-Subject,95.0,0.6160929320731633
106,scatter,,sub-43,Within-Subject,97.0,0.6927831308381956
106,scatter,,sub-43,Within-Subject,98.0,0.5583175948809553
106,scatter,,sub-43,Within-Subject,78.0,0.6313408679260677
106,scatter,,sub-43,Within-Subject,82.0,0.6620585162868938
106,scatter,,sub-43,Within-Subject,95.0,0.667404427236258
106,scatter,,sub-43,Within-Subject,84.0,0.6454275941702061
106,scatter,,sub-43,Within-Subject,95.0,0.5388369146843919
106,scatter,,sub-43,Within-Subject,88.0,0.637233810940252
106,scatter,,sub-43,Within-Subject,86.0,0.29636242673524893
106,scatter,,sub-43,Within-Subject,87.0,0.6120084989734405
106,scatter,,sub-43,Within-Subject,95.0,0.42644885197852234
106,scatter,,sub-43,Within-Subject,85.0,0.49427176356283753
106,scatter,,sub-43,Within-Subject,95.0,0.6674239252164187
106,scatter,,sub-43,Within-Subject,83.0,0.504818454166428
106,scatter,,sub-43,Within-Subject,89.0,0.6297254935765251
106,scatter,,sub-43,Within-Subject,98.0,0.6167951722873861
106,scatter,,sub-43,Within-Subject,98.0,0.3793004598575741
106,scatter,,sub-43,Within-Subject,99.0,0.6714296441789241
106,scatter,,sub-43,Within-Subject,97.0,0.2349315960489331
106,scatter,,sub-43,Within-Subject,97.0,0.6269506690052276
106,scatter,,sub-43,Within-Subject,92.0,0.5508586799092041
106,scatter,,sub-43,Within-Subject,97.0,0.514176944932343
106,scatter,,sub-43,Within-Subject,98.0,0.4561697871261979
106,scatter,,sub-43,Within-Subject,90.0,0.5527610886878523
106,scatter,,sub-43,Within-Subject,99.0,0.5816655576141644
106,scatter,,sub-43,Within-Subject,97.0,0.4706529877794424
106,scatter,,sub-43,Within-Subject,97.0,0.46809975423238404
106,scatter,,sub-43,Within-Subject,96.0,0.5217951609996176
106,scatter,,sub-43,Within-Subject,99.0,0.5348997441366701
106,scatter,,sub-43,Within-Subject,91.0,0.3424210871102086
106,scatter,,sub-43,Within-Subject,97.0,0.6456518130489667
106,scatter,,sub-43,Within-Subject,87.0,0.31243348418145866
106,scatter,,sub-43,Within-Subject,100.0,0.5131883193798121
106,scatter,,sub-43,Within-Subject,96.0,0.548053761368597
106,scatter,,sub-43,Within-Subject,90.0,0.4717963045160543
106,scatter,,sub-43,Within-Subject,95.0,0.6152808046050225
106,scatter,,sub-43,Within-Subject,97.0,0.6922072308888572
106,scatter,,sub-43,Within-Subject,98.0,0.5587886987504104
106,scatter,,sub-43,Within-Subject,78.0,0.6315292046874122
107,scatter,,sub-43,Within-Subject,78.0,0.5442022120541564
107,scatter,,sub-43,Within-Subject,100.0,0.532106949401356
108,scatter,,,LOSO,82.0,0.5415833012467024
108,scatter,,,LOSO,95.0,0.5564844969371625
108,scatter,,,LOSO,84.0,0.451515129120519
108,scatter,,,LOSO,95.0,0.5096092858166187
108,scatter,,,LOSO,88.0,0.3857685600002768
108,scatter,,,LOSO,86.0,0.47218705424406937
108,scatter,,,LOSO,87.0,0.4286976540486137
108,scatter,,,LOSO,95.0,0.4138836992580137
108,scatter,,,LOSO,85.0,0.5845014776478994
108,scatter,,,LOSO,95.0,0.6036678217062496
108,scatter,,,LOSO,83.0,0.5380980534537592
108,scatter,,,LOSO,89.0,0.5146175043085776
108,scatter,,,LOSO,98.0,0.5616498964621026
108,scatter,,,LOSO,98.0,0.5241859676956011
108,scatter,,,LOSO,99.0,0.47255644324648555
108,scatter,,,LOSO,97.0,0.4516003355353302
108,scatter,,,LOSO,97.0,0.44176875427461887
108,scatter,,,LOSO,92.0,0.5193874261865116
108,scatter,,,LOSO,97.0,0.46590463097006607
108,scatter,,,LOSO,98.0,0.4887774601527366
108,scatter,,,LOSO,90.0,0.5586930151047418
108,scatter,,,LOSO,99.0,0.5061612961779052
108,scatter,,,LOSO,97.0,0.46777547457303115
108,scatter,,,LOSO,97.0,0.5640422048379405
108,scatter,,,LOSO,96.0,0.48411817009112473
108,scatter,,,LOSO,99.0,0.5758088874019025
108,scatter,,,LOSO,91.0,0.5340357374314852
108,scatter,,,LOSO,97.0,0.4170164427414412
108,scatter,,,LOSO,87.0,0.4956031586468086
108,scatter,,,LOSO,100.0,0.5284270357416938
108,scatter,,,LOSO,96.0,0.4783315790407653
108,scatter,,,LOSO,90.0,0.4499243549351849
108,scatter,,,LOSO,95.0,0.6304403916613601
108,scatter,,,LOSO,97.0,0.47392535860676005
108,scatter,,,LOSO,98.0,0.5723562927390694
108,scatter,,,LOSO,78.0,0.3591242003667338
109,scatter,,,LOSO,78.0,0.4653234193382233
109,scatter,,,LOSO,100.0,0.51718405020491
